vendor_name,portal_url,tier,category,specialties,engagement_types,h1b_note
"Rose International, Inc.",https://www.roseit.com/hotjobs/,Tier 2,IT Staffing (National / Mid-tier),"Sub-contracting to prime MSPs; app dev, data, cloud, ERP, QA","C2C, W2, C2H",Yes – commonly sponsors / transfers
"Pyramid Consulting, Inc",https://www.pyramidci.com/career,Tier 2,IT Staffing (National / Mid-tier),"Sub-contracting to prime MSPs; app dev, data, cloud, ERP, QA","C2C, W2, C2H",Yes – commonly sponsors / transfers
Ettain Group,https://jobs.ettaingroup.com/job-board,Tier 2,IT Staffing (National / Mid-tier),"Sub-contracting to prime MSPs; app dev, data, cloud, ERP, QA","C2C, W2, C2H",Yes – commonly sponsors / transfers
Beacon Hill Staffing Group,https://www.beaconhillstaffing.com/Job-Seekers/Find-a-Job,Tier 1,IT Staffing (National / Mid-tier),"Sub-contracting to prime MSPs; app dev, data, cloud, ERP, QA","C2C, W2, C2H",Yes – commonly sponsors / transfers
STB Technology Solutions Inc,https://stbtechnologysolutions.com/careers,Tier 3,IT Staffing (Regional / Boutique),"Regional/boutique IT staffing; sub-vendor to primes; app dev, data, infra, QA","C2C, W2, C2H",Likely – verify per role
Kelly Services,https://www.kellyservices.us/us/careers/,Tier 1,IT Staffing (National / Mid-tier),"Sub-contracting to prime MSPs; app dev, data, cloud, ERP, QA","C2C, W2, C2H",Yes – commonly sponsors / transfers
Eliassen Group,https://careers.eliassen.com/,Tier 1,IT Staffing (National / Mid-tier),"Sub-contracting to prime MSPs; app dev, data, cloud, ERP, QA","C2C, W2, C2H",Yes – commonly sponsors / transfers
Collabera Inc.,https://www.collabera.com/find-a-job/search-jobs/,Tier 1,IT Staffing (National / Mid-tier),"Sub-contracting to prime MSPs; app dev, data, cloud, ERP, QA","C2C, W2, C2H",Yes – commonly sponsors / transfers
MATRIX,https://opportunities.matrixres.com/,Tier 2,IT Staffing (National / Mid-tier),"Sub-contracting to prime MSPs; app dev, data, cloud, ERP, QA","C2C, W2, C2H",Yes – commonly sponsors / transfers
Brillio,https://www.brillio.com/careers/,Tier 1,Global SI / IT Consulting,Digital & data engineering,"W2 (FTE), subcontract via vendors",Yes – major H1B sponsor
"Red Oak Technologies, Inc",http://www.redoaktech.com/Site/Careers,Tier 3,IT Staffing (Regional / Boutique),"Regional/boutique IT staffing; sub-vendor to primes; app dev, data, infra, QA","C2C, W2, C2H",Likely – verify per role
Prodapt,http://www.prodapt.com/en/careers/,Tier 2,Global SI / IT Consulting,"Large-scale outsourcing, digital transformation, app/infra managed services","W2 (FTE), subcontract via vendors",Yes – major H1B sponsor
Pinnacle1,https://www.pinnacle1.com/jobs/,Tier 3,IT Staffing (Regional / Boutique),"Regional/boutique IT staffing; sub-vendor to primes; app dev, data, infra, QA","C2C, W2, C2H",Likely – verify per role
"United Software Group, Inc.",https://www.usgrpinc.com/open-jobs.php,Tier 2,IT Staffing (National / Mid-tier),"Sub-contracting to prime MSPs; app dev, data, cloud, ERP, QA","C2C, W2, C2H",Yes – commonly sponsors / transfers
"Randstad Technologies, LLC",https://www.randstadusa.com/jobs/,Tier 1,IT Staffing (National / Mid-tier),"Sub-contracting to prime MSPs; app dev, data, cloud, ERP, QA","C2C, W2, C2H",Yes – commonly sponsors / transfers
Robert Half Technology,https://www.roberthalf.com/jobs,Tier 1,IT Staffing (National / Mid-tier),"Sub-contracting to prime MSPs; app dev, data, cloud, ERP, QA","C2C, W2, C2H",Yes – commonly sponsors / transfers
Centizen Inc,https://www.centizen.com/ats/careers/index.php?m=careers&p=showAll,Tier 3,IT Staffing (Regional / Boutique),"Regional/boutique IT staffing; sub-vendor to primes; app dev, data, infra, QA","C2C, W2, C2H",Likely – verify per role
Apetan Consulting LLC,https://www.apetan.com/careers/apply-now/,Tier 3,IT Staffing (Regional / Boutique),"Regional/boutique IT staffing; sub-vendor to primes; app dev, data, infra, QA","C2C, W2, C2H",Likely – verify per role
Proliance Consulting,https://www.prolianceconsult.com/for-candidates/current-openings/,Tier 3,IT Staffing (Regional / Boutique),"Regional/boutique IT staffing; sub-vendor to primes; app dev, data, infra, QA","C2C, W2, C2H",Likely – verify per role
"Diverse Lynx, LLC",https://www2.jobdiva.com/portal/?a=9xjdnw687b7a7nvvdyut936kpjlgy0023blrozaecads0pdnwppcswnaaku8ji2g&compid=0#/,Tier 2,IT Staffing (National / Mid-tier),"Sub-contracting to prime MSPs; app dev, data, cloud, ERP, QA","C2C, W2, C2H",Yes – commonly sponsors / transfers
Apex Systems,https://itcareers.apexsystems.com/en-US/search?keywords=&location=,Tier 1,IT Staffing (National / Mid-tier),"Sub-contracting to prime MSPs; app dev, data, cloud, ERP, QA","C2C, W2, C2H",Yes – commonly sponsors / transfers
"Systems Personnel, Inc",http://systemspersonnel.com/search-jobs/,Tier 3,IT Staffing (Regional / Boutique),"Regional/boutique IT staffing; sub-vendor to primes; app dev, data, infra, QA","C2C, W2, C2H",Likely – verify per role
Asset Employment Group,https://www.assetemploymentgroup.com/jobs/#/jobs,Tier 3,IT Staffing (Regional / Boutique),"Regional/boutique IT staffing; sub-vendor to primes; app dev, data, infra, QA","C2C, W2, C2H",Likely – verify per role
E-bit Consulting,http://www.e-bitconsulting.com/open-positions/,Tier 3,IT Staffing (Regional / Boutique),"Regional/boutique IT staffing; sub-vendor to primes; app dev, data, infra, QA","C2C, W2, C2H",Likely – verify per role
Judge Group,https://www.judge.com/jobs,Tier 1,IT Staffing (National / Mid-tier),"Sub-contracting to prime MSPs; app dev, data, cloud, ERP, QA","C2C, W2, C2H",Yes – commonly sponsors / transfers
Insight Global LLC,https://jobs.insightglobal.com/,Tier 1,IT Staffing (National / Mid-tier),"Sub-contracting to prime MSPs; app dev, data, cloud, ERP, QA","C2C, W2, C2H",Yes – commonly sponsors / transfers
MODIS,https://www.modis.com/en-us/job-seekers/search-jobs/,Tier 1,IT Staffing (National / Mid-tier),"Sub-contracting to prime MSPs; app dev, data, cloud, ERP, QA","C2C, W2, C2H",Yes – commonly sponsors / transfers
The Select Group,https://www.selectgroup.com/career-seekers/careers/,Tier 2,IT Staffing (National / Mid-tier),"Sub-contracting to prime MSPs; app dev, data, cloud, ERP, QA","C2C, W2, C2H",Yes – commonly sponsors / transfers
GetinFocus,https://www.getinfocus.com/jobboard/,Tier 3,IT Staffing (Regional / Boutique),"Regional/boutique IT staffing; sub-vendor to primes; app dev, data, infra, QA","C2C, W2, C2H",Likely – verify per role
Aerotek,https://www.aerotek.com/jobs/en-US/search?keywords=&enableMultiLocation=true&location=&orderby=Relevance,Tier 1,IT Staffing (National / Mid-tier),"Sub-contracting to prime MSPs; app dev, data, cloud, ERP, QA","C2C, W2, C2H",Yes – commonly sponsors / transfers
Experis,https://www.experisjobs.us/experisjobs/job-search.htm?,Tier 1,IT Staffing (National / Mid-tier),"Sub-contracting to prime MSPs; app dev, data, cloud, ERP, QA","C2C, W2, C2H",Yes – commonly sponsors / transfers
Boston Technology,https://www.boston-technology.com/career-openings/,Tier 3,IT Staffing (Regional / Boutique),"Regional/boutique IT staffing; sub-vendor to primes; app dev, data, infra, QA","C2C, W2, C2H",Likely – verify per role
Thomsonreuters,http://jobs.thomsonreuters.com/ListJobs/All,N/A,Job Board / Talent Marketplace,Job aggregation / freelance marketplace – not an employer,N/A (posting source),N/A
Signature Consultants,https://jobs.sigconsult.com/search,Tier 1,IT Staffing (National / Mid-tier),"Sub-contracting to prime MSPs; app dev, data, cloud, ERP, QA","C2C, W2, C2H",Yes – commonly sponsors / transfers
Strategic Staffing Solutions,https://careers.strategicstaff.com/#/jobs,Tier 2,IT Staffing (National / Mid-tier),"Sub-contracting to prime MSPs; app dev, data, cloud, ERP, QA","C2C, W2, C2H",Yes – commonly sponsors / transfers
ATR International,https://www.atrinternational.com/careernetwork/search_for_results.php,Tier 2,IT Staffing (National / Mid-tier),"Sub-contracting to prime MSPs; app dev, data, cloud, ERP, QA","C2C, W2, C2H",Yes – commonly sponsors / transfers
CRG,https://www.jobs.net/jobs/crg/en-us/search/?keyword=&location=,Tier 2,IT Staffing (National / Mid-tier),"Sub-contracting to prime MSPs; app dev, data, cloud, ERP, QA","C2C, W2, C2H",Yes – commonly sponsors / transfers
Yoh Staffing Services,https://jobs.yoh.com/#/jobs,Tier 2,IT Staffing (National / Mid-tier),"Sub-contracting to prime MSPs; app dev, data, cloud, ERP, QA","C2C, W2, C2H",Yes – commonly sponsors / transfers
Vaco,https://jobs.vaco.com/en-US/search,Tier 2,Specialist Recruiters / RPO / MSP,"Niche recruiting (data, cloud, security, ERP), RPO, MSP/VMS programs","Direct Hire, W2, C2C via MSP",Varies – verify
Trident Consulting,https://www2.jobdiva.com/portal/?a=rbjdnwnpqu5fgbst6dmpaul6tih49e0395m8noheejmskq9k7y1tqyci3xn28rm9&compid=0#/,Tier 3,IT Staffing (Regional / Boutique),"Regional/boutique IT staffing; sub-vendor to primes; app dev, data, infra, QA","C2C, W2, C2H",Likely – verify per role
piper companies,https://careers.pipercompanies.com/job-search/#[%22Piper%20Companies%22]|||||1,Tier 2,IT Staffing (National / Mid-tier),"Sub-contracting to prime MSPs; app dev, data, cloud, ERP, QA","C2C, W2, C2H",Yes – commonly sponsors / transfers
Intraedge,https://jobs.intraedge.com/,Tier 2,IT Staffing (National / Mid-tier),"Sub-contracting to prime MSPs; app dev, data, cloud, ERP, QA","C2C, W2, C2H",Yes – commonly sponsors / transfers
manifesttechnology,https://manifesttechnology.net/solutions/,Tier 3,IT Staffing (Regional / Boutique),"Regional/boutique IT staffing; sub-vendor to primes; app dev, data, infra, QA","C2C, W2, C2H",Likely – verify per role
Contemporary Staffing Solutions,https://www.contemporarystaffing.com/job-seekers/,Tier 2,IT Staffing (National / Mid-tier),"Sub-contracting to prime MSPs; app dev, data, cloud, ERP, QA","C2C, W2, C2H",Yes – commonly sponsors / transfers
"KellyMitchell Group, Inc",https://kellymitchell.com/find-a-job/,Tier 2,IT Staffing (National / Mid-tier),"Sub-contracting to prime MSPs; app dev, data, cloud, ERP, QA","C2C, W2, C2H",Yes – commonly sponsors / transfers
bcforward,https://bcforward.jobs.net/en-US/search,Tier 2,IT Staffing (National / Mid-tier),"Sub-contracting to prime MSPs; app dev, data, cloud, ERP, QA","C2C, W2, C2H",Yes – commonly sponsors / transfers
The Armada Group,https://jobs.thearmadagroup.com/,Tier 2,IT Staffing (National / Mid-tier),"Sub-contracting to prime MSPs; app dev, data, cloud, ERP, QA","C2C, W2, C2H",Yes – commonly sponsors / transfers
Axius Technologies Inc,https://www.axiustek.com/careers/,Tier 3,IT Staffing (Regional / Boutique),"Regional/boutique IT staffing; sub-vendor to primes; app dev, data, infra, QA","C2C, W2, C2H",Likely – verify per role
"Software Guidance & Assistance, Inc",https://www.sgainc.com/jobs/,Tier 2,IT Staffing (National / Mid-tier),"Sub-contracting to prime MSPs; app dev, data, cloud, ERP, QA","C2C, W2, C2H",Yes – commonly sponsors / transfers
HORIZONTAL INTEGRATION,https://www.horizontaltalent.com/job-board#sort=%40postedz32xdate%20descending&jobid=39769,Tier 2,IT Staffing (National / Mid-tier),"Sub-contracting to prime MSPs; app dev, data, cloud, ERP, QA","C2C, W2, C2H",Yes – commonly sponsors / transfers
Venturi Group,https://www.venturi-group.com/us/job/,Tier 2,IT Staffing (National / Mid-tier),"Sub-contracting to prime MSPs; app dev, data, cloud, ERP, QA","C2C, W2, C2H",Yes – commonly sponsors / transfers
Tier4Group,https://tier4group.com/jobs/,Tier 2,IT Staffing (National / Mid-tier),"Sub-contracting to prime MSPs; app dev, data, cloud, ERP, QA","C2C, W2, C2H",Yes – commonly sponsors / transfers
The Execu-search,https://careers.execu-search.com/jobs?keyword=Cloud&http_referrer=https:%2F%2Fcareers.execu-search.com%2Fjobs%3Fkeyword%3D&http_referrer=&location=&utm_source=&utm_medium=&category=,Tier 2,IT Staffing (National / Mid-tier),"Sub-contracting to prime MSPs; app dev, data, cloud, ERP, QA","C2C, W2, C2H",Yes – commonly sponsors / transfers
Techlink Systems,https://www.techlinksystems.com/search-jobs/,Tier 2,IT Staffing (National / Mid-tier),"Sub-contracting to prime MSPs; app dev, data, cloud, ERP, QA","C2C, W2, C2H",Yes – commonly sponsors / transfers
Adeccousa,https://www.adeccousa.com/jobs/job-search/cat-engineering/,Tier 1,IT Staffing (National / Mid-tier),"Sub-contracting to prime MSPs; app dev, data, cloud, ERP, QA","C2C, W2, C2H",Yes – commonly sponsors / transfers
Systems Intergation Solutions,http://search2.smartsearchonline.com/sis/jobs/process_jobsearch.asp#all-jobs,Tier 2,IT Staffing (National / Mid-tier),"Sub-contracting to prime MSPs; app dev, data, cloud, ERP, QA","C2C, W2, C2H",Yes – commonly sponsors / transfers
GetHired,https://www.gettinghired.com/en/jobs?&keyword=DevOps&page=1,N/A,Job Board / Talent Marketplace,Job aggregation / freelance marketplace – not an employer,N/A (posting source),N/A
Allegispartners,https://careers-allegispartners.icims.com/jobs/search?ss=1&searchKeyword=DevOps+Engineer,Tier 1,IT Staffing (National / Mid-tier),"Sub-contracting to prime MSPs; app dev, data, cloud, ERP, QA","C2C, W2, C2H",Yes – commonly sponsors / transfers
Atrilogy,https://atrilogy.catsone.com/careers/,Tier 2,IT Staffing (National / Mid-tier),"Sub-contracting to prime MSPs; app dev, data, cloud, ERP, QA","C2C, W2, C2H",Yes – commonly sponsors / transfers
Turnberry Solutions,https://turnberrysolutions.com/careers/,Tier 2,IT Staffing (National / Mid-tier),"Sub-contracting to prime MSPs; app dev, data, cloud, ERP, QA","C2C, W2, C2H",Yes – commonly sponsors / transfers
Axle Informatics,https://jobs-axleinfo.icims.com/jobs/search?hashed=-435737596&mobile=false&width=1100&height=500&bga=true&needsRedirect=false&jan1offset=-300&jun1offset=-240,Tier 2,IT Staffing (National / Mid-tier),"Sub-contracting to prime MSPs; app dev, data, cloud, ERP, QA","C2C, W2, C2H",Yes – commonly sponsors / transfers
Diversant,https://www.diversant.com/job-search/,Tier 2,IT Staffing (National / Mid-tier),"Sub-contracting to prime MSPs; app dev, data, cloud, ERP, QA","C2C, W2, C2H",Yes – commonly sponsors / transfers
Thomson Technologies,https://jobs.thompsontechnologies.com/,Tier 3,IT Staffing (Regional / Boutique),"Regional/boutique IT staffing; sub-vendor to primes; app dev, data, infra, QA","C2C, W2, C2H",Likely – verify per role
Tekpartners,https://www.tekpartners.com/jobs/all/all/all/all/all/all/?all_jobs=true,Tier 2,IT Staffing (National / Mid-tier),"Sub-contracting to prime MSPs; app dev, data, cloud, ERP, QA","C2C, W2, C2H",Yes – commonly sponsors / transfers
Teksystems,https://www.teksystems.com/it-jobs/search?keywords=DevOps,Tier 1,IT Staffing (National / Mid-tier),"Sub-contracting to prime MSPs; app dev, data, cloud, ERP, QA","C2C, W2, C2H",Yes – commonly sponsors / transfers
RootShell,https://www.rootshellinc.com/index.php?option=com_content&view=article&id=83&Itemid=617,Tier 3,IT Staffing (Regional / Boutique),"Regional/boutique IT staffing; sub-vendor to primes; app dev, data, infra, QA","C2C, W2, C2H",Likely – verify per role
Mondo,https://www.mondo.com/careers/,Tier 1,IT Staffing (National / Mid-tier),"Sub-contracting to prime MSPs; app dev, data, cloud, ERP, QA","C2C, W2, C2H",Yes – commonly sponsors / transfers
Kforce staffing,https://www.kforce.com/find-work/search-jobs/#/?t=DevOps%20II&l=%5B%5D,Tier 1,IT Staffing (National / Mid-tier),"Sub-contracting to prime MSPs; app dev, data, cloud, ERP, QA","C2C, W2, C2H",Yes – commonly sponsors / transfers
Cprime,https://www.cprime.com/technology/devops/,Tier 2,Enterprise Apps & Digital (SAP/Oracle/Workday/ServiceNow/Salesforce),"ERP/CRM/HCM implementations, digital experience, integration","W2 (FTE), C2C via sub-vendors",Varies – many sponsor; verify
Synechron,https://www.synechron.com/careers,Tier 1,Global SI / IT Consulting,"Large-scale outsourcing, digital transformation, app/infra managed services","W2 (FTE), subcontract via vendors",Yes – major H1B sponsor
JeffersonFrank,https://www.jeffersonfrank.com/,Tier 2,Specialist Recruiters / RPO / MSP,"Niche recruiting (data, cloud, security, ERP), RPO, MSP/VMS programs","Direct Hire, W2, C2C via MSP",Varies – verify
FRGconsulting,https://www.frgconsulting.com/,Tier 2,Specialist Recruiters / RPO / MSP,"Niche recruiting (data, cloud, security, ERP), RPO, MSP/VMS programs","Direct Hire, W2, C2C via MSP",Varies – verify
Nigelfrank,https://www.nigelfrank.com/,Tier 2,Specialist Recruiters / RPO / MSP,"Niche recruiting (data, cloud, security, ERP), RPO, MSP/VMS programs","Direct Hire, W2, C2C via MSP",Varies – verify
Compugain,https://www.compugain.com/careers-2/,Tier 2,IT Staffing (National / Mid-tier),"Sub-contracting to prime MSPs; app dev, data, cloud, ERP, QA","C2C, W2, C2H",Yes – commonly sponsors / transfers
Motionrecruitment,https://motionrecruitment.com/tech-jobs,Tier 1,IT Staffing (National / Mid-tier),"Sub-contracting to prime MSPs; app dev, data, cloud, ERP, QA","C2C, W2, C2H",Yes – commonly sponsors / transfers
Eliassen Group,https://careers.eliassen.com/en-US/search?keywords=DevOps&location=,Tier 1,IT Staffing (National / Mid-tier),"Sub-contracting to prime MSPs; app dev, data, cloud, ERP, QA","C2C, W2, C2H",Yes – commonly sponsors / transfers
The Job Network,https://jobs.thejobnetwork.com/Jobs,N/A,Job Board / Talent Marketplace,Job aggregation / freelance marketplace – not an employer,N/A (posting source),N/A
Foot Bridge,https://footbridgecompany.com/job-search/,Tier 2,IT Staffing (National / Mid-tier),"Sub-contracting to prime MSPs; app dev, data, cloud, ERP, QA","C2C, W2, C2H",Yes – commonly sponsors / transfers
Ametx,https://us.amtexsystems.com/careers/,Tier 3,IT Staffing (Regional / Boutique),"Regional/boutique IT staffing; sub-vendor to primes; app dev, data, infra, QA","C2C, W2, C2H",Likely – verify per role
Eclaroit,https://careers.eclaroit.com/jobs,Tier 2,IT Staffing (National / Mid-tier),"Sub-contracting to prime MSPs; app dev, data, cloud, ERP, QA","C2C, W2, C2H",Yes – commonly sponsors / transfers
Harvey Nash,https://careers.harveynashusa.com/jobsearch/#|||1,Tier 2,Specialist Recruiters / RPO / MSP,"Niche recruiting (data, cloud, security, ERP), RPO, MSP/VMS programs","Direct Hire, W2, C2C via MSP",Varies – verify
Primus,https://primusglobal.com/careers/,Tier 3,IT Staffing (Regional / Boutique),"Regional/boutique IT staffing; sub-vendor to primes; app dev, data, infra, QA","C2C, W2, C2H",Likely – verify per role
Experis ManpowerGroup,https://www.experisjobs.us/exp_us/en/job-categories/information-technology-jobs.htm,Tier 1,IT Staffing (National / Mid-tier),"Sub-contracting to prime MSPs; app dev, data, cloud, ERP, QA","C2C, W2, C2H",Yes – commonly sponsors / transfers
Volt Expert Momentum,https://jobs.volt.com/search,Tier 1,IT Staffing (National / Mid-tier),"Sub-contracting to prime MSPs; app dev, data, cloud, ERP, QA","C2C, W2, C2H",Yes – commonly sponsors / transfers
Artech,https://www1.jobdiva.com/private/myjobs/searchjobsdone_outside.jsp?a=fae2c5e9bca42a9479e00ce1ced2108b579524f6def953ff39176c0656562726d9,Tier 1,IT Staffing (National / Mid-tier),"Sub-contracting to prime MSPs; app dev, data, cloud, ERP, QA","C2C, W2, C2H",Yes – commonly sponsors / transfers
XT Global,http://careers.xtglobal.com/,Tier 3,IT Staffing (Regional / Boutique),"Regional/boutique IT staffing; sub-vendor to primes; app dev, data, infra, QA","C2C, W2, C2H",Likely – verify per role
Soft World,https://jobs.softworldinc.com/,Tier 2,IT Staffing (National / Mid-tier),"Sub-contracting to prime MSPs; app dev, data, cloud, ERP, QA","C2C, W2, C2H",Yes – commonly sponsors / transfers
SDHR Consulting,https://www.theapplicantmanager.com/careers?co=sd,Tier 3,IT Staffing (Regional / Boutique),"Regional/boutique IT staffing; sub-vendor to primes; app dev, data, infra, QA","C2C, W2, C2H",Likely – verify per role
a2c,https://twitter.com/A2CJobs?ref_src=twsrc%5Etfw%7Ctwcamp%5Eembeddedtimeline%7Ctwterm%5Eprofile%3AA2CJobs&ref_url=http%3A%2F%2Fwww.a2c.com%2FCAREERS.aspx,Tier 3,IT Staffing (Regional / Boutique),"Regional/boutique IT staffing; sub-vendor to primes; app dev, data, infra, QA","C2C, W2, C2H",Likely – verify per role
Trigyn Technologies,https://www.trigyn.com/careers?f%5B0%5D=regions_job_opening%3ANorth%20America&no_cache=piXlYIkv,Tier 2,IT Staffing (National / Mid-tier),"Sub-contracting to prime MSPs; app dev, data, cloud, ERP, QA","C2C, W2, C2H",Yes – commonly sponsors / transfers
Info Sec,https://isc.sans.edu/jobs/,Tier 3,IT Staffing (Regional / Boutique),"Regional/boutique IT staffing; sub-vendor to primes; app dev, data, infra, QA","C2C, W2, C2H",Likely – verify per role
Envision,https://recruiting.ultipro.com/LEA1007LPAQ/JobBoard/ba394e2a-343c-42ba-9d2a-33d78b79790c/?q=&o=postedDateDesc,Tier 3,IT Staffing (Regional / Boutique),"Regional/boutique IT staffing; sub-vendor to primes; app dev, data, infra, QA","C2C, W2, C2H",Likely – verify per role
S.com,https://www.scom-usa.com/jobs,Tier 3,IT Staffing (Regional / Boutique),"Regional/boutique IT staffing; sub-vendor to primes; app dev, data, infra, QA","C2C, W2, C2H",Likely – verify per role
Open Systems Technologies,https://www.opensystemstech.com/,Tier 2,IT Staffing (National / Mid-tier),"Sub-contracting to prime MSPs; app dev, data, cloud, ERP, QA","C2C, W2, C2H",Yes – commonly sponsors / transfers
Starpoint,https://www.starpointco.com/wp-login.php,Tier 3,IT Staffing (Regional / Boutique),"Regional/boutique IT staffing; sub-vendor to primes; app dev, data, infra, QA","C2C, W2, C2H",Likely – verify per role
Maxonic,https://www.maxonic.com/openings.php,Tier 3,IT Staffing (Regional / Boutique),"Regional/boutique IT staffing; sub-vendor to primes; app dev, data, infra, QA","C2C, W2, C2H",Likely – verify per role
The CSI Companies,https://thecsicompanies.com/job-portal/,Tier 2,IT Staffing (National / Mid-tier),"Sub-contracting to prime MSPs; app dev, data, cloud, ERP, QA","C2C, W2, C2H",Yes – commonly sponsors / transfers
Aetech Information Technologies,https://aetea.com/consultants/job-search/,Tier 3,IT Staffing (Regional / Boutique),"Regional/boutique IT staffing; sub-vendor to primes; app dev, data, infra, QA","C2C, W2, C2H",Likely – verify per role
CB Insight,https://app.cbinsights.com/login,N/A,Job Board / Talent Marketplace,Job aggregation / freelance marketplace – not an employer,N/A (posting source),N/A
Make the difference,https://jobs.makecor.com/,Tier 3,IT Staffing (Regional / Boutique),"Regional/boutique IT staffing; sub-vendor to primes; app dev, data, infra, QA","C2C, W2, C2H",Likely – verify per role
Rose International Careers,https://www.zippia.com/rose-international-careers-37031/,Tier 2,IT Staffing (National / Mid-tier),"Sub-contracting to prime MSPs; app dev, data, cloud, ERP, QA","C2C, W2, C2H",Yes – commonly sponsors / transfers
Smith Hanley,https://jobs.smithhanley.com/,Tier 2,Specialist Recruiters / RPO / MSP,"Niche recruiting (data, cloud, security, ERP), RPO, MSP/VMS programs","Direct Hire, W2, C2C via MSP",Varies – verify
Murphy USA,https://jobs.murphyusa.com/jobsearch/#All~Job~Categories|All~Job~Locations||d-ASC|1,N/A,Job Board / Talent Marketplace,Job aggregation / freelance marketplace – not an employer,N/A (posting source),N/A
Advantage Resourcing,https://www.advantageresourcing.com/clients/it,Tier 2,IT Staffing (National / Mid-tier),"Sub-contracting to prime MSPs; app dev, data, cloud, ERP, QA","C2C, W2, C2H",Yes – commonly sponsors / transfers
Patel,https://www.patelcorp.com/job-openings/,Tier 3,IT Staffing (Regional / Boutique),"Regional/boutique IT staffing; sub-vendor to primes; app dev, data, infra, QA","C2C, W2, C2H",Likely – verify per role
Qaanalysts,https://www.qanalysts.com/careers/,Tier 3,IT Staffing (Regional / Boutique),"Regional/boutique IT staffing; sub-vendor to primes; app dev, data, infra, QA","C2C, W2, C2H",Likely – verify per role
SGA inc,http://www.sgainc.com/jobs/,Tier 2,IT Staffing (National / Mid-tier),"Sub-contracting to prime MSPs; app dev, data, cloud, ERP, QA","C2C, W2, C2H",Yes – commonly sponsors / transfers
Disys,https://careers.disys.com/,Tier 1,IT Staffing (National / Mid-tier),"Sub-contracting to prime MSPs; app dev, data, cloud, ERP, QA","C2C, W2, C2H",Yes – commonly sponsors / transfers
Ascent,https://ascentsg.com/search/job/,Tier 2,IT Staffing (National / Mid-tier),"Sub-contracting to prime MSPs; app dev, data, cloud, ERP, QA","C2C, W2, C2H",Yes – commonly sponsors / transfers
ACRO Service corporation,https://www.acrocorp.com/index.php/search-jobs,Tier 2,IT Staffing (National / Mid-tier),"Sub-contracting to prime MSPs; app dev, data, cloud, ERP, QA","C2C, W2, C2H",Yes – commonly sponsors / transfers
ATR Internationl,https://www.atrinternational.com/category/it-jobs/,Tier 2,IT Staffing (National / Mid-tier),"Sub-contracting to prime MSPs; app dev, data, cloud, ERP, QA","C2C, W2, C2H",Yes – commonly sponsors / transfers
AVID,https://www.avidtr.com/it-job-search.aspx,Tier 3,IT Staffing (Regional / Boutique),"Regional/boutique IT staffing; sub-vendor to primes; app dev, data, infra, QA","C2C, W2, C2H",Likely – verify per role
Andimo,https://www.andiamogo.com/job/search?category_id=5&category_name=Database,Tier 3,IT Staffing (Regional / Boutique),"Regional/boutique IT staffing; sub-vendor to primes; app dev, data, infra, QA","C2C, W2, C2H",Likely – verify per role
Atlantic Resource Group,https://www.atlanticresource.com/jobs/,Tier 3,IT Staffing (Regional / Boutique),"Regional/boutique IT staffing; sub-vendor to primes; app dev, data, infra, QA","C2C, W2, C2H",Likely – verify per role
Tech Fetch,https://www.techfetch.com/job-openings/enduretechinc.com,N/A,Job Board / Talent Marketplace,Job aggregation / freelance marketplace – not an employer,N/A (posting source),N/A
Epitec,https://epitec.com/search-jobs/,Tier 2,IT Staffing (National / Mid-tier),"Sub-contracting to prime MSPs; app dev, data, cloud, ERP, QA","C2C, W2, C2H",Yes – commonly sponsors / transfers
CRS,https://jobs.crshireright.com/index.smpl,Tier 3,IT Staffing (Regional / Boutique),"Regional/boutique IT staffing; sub-vendor to primes; app dev, data, infra, QA","C2C, W2, C2H",Likely – verify per role
Trace3,https://www.trace3.com/careers,Tier 2,"Cloud, Infrastructure & Security","Cloud (AWS/Azure/GCP), DevOps, networking, cybersecurity, managed services","W2 (FTE), some contract",Varies – verify
Oxford Solutions,https://jobs.oxfordsolutionsinc.com/index.smpl?arg=jb_search,Tier 2,IT Staffing (National / Mid-tier),"Sub-contracting to prime MSPs; app dev, data, cloud, ERP, QA","C2C, W2, C2H",Yes – commonly sponsors / transfers
GTT,https://www1.jobdiva.com/portal/?a=5cjdnwenzpqejkgxijtvgahld0va90009c0e3c8jutidwbg0unjxodtsm81az828&compid=0#/,Tier 2,IT Staffing (National / Mid-tier),"Sub-contracting to prime MSPs; app dev, data, cloud, ERP, QA","C2C, W2, C2H",Yes – commonly sponsors / transfers
CCS Global Tech,https://www.ccsglobaltech.com/careers/,Tier 3,IT Staffing (Regional / Boutique),"Regional/boutique IT staffing; sub-vendor to primes; app dev, data, infra, QA","C2C, W2, C2H",Likely – verify per role
EClaro,"https://www2.jobdiva.com/private/myjobs/searchjobsdone_outside.jsp?SearchString=&positiontype=2&country=&zipcode=&miles=0&a=5d5f69v527403e22585f1645edcad6bc384f9497b620b9c7ef243dfeb849ea9b?&divisions=&divisions2=&jobtypes=2,4,",Tier 2,IT Staffing (National / Mid-tier),"Sub-contracting to prime MSPs; app dev, data, cloud, ERP, QA","C2C, W2, C2H",Yes – commonly sponsors / transfers
OnPoint Solutions,https://pfs.aviontego.com/portals/Portals/JobBoard/JobSearch.aspx?CompanyID=PFS,Tier 3,IT Staffing (Regional / Boutique),"Regional/boutique IT staffing; sub-vendor to primes; app dev, data, infra, QA","C2C, W2, C2H",Likely – verify per role
SimplyOPT,https://www.simplyopt.com/search-job.html,N/A,Job Board / Talent Marketplace,Job aggregation / freelance marketplace – not an employer,N/A (posting source),N/A
Open Systems Tech,https://www.opensystemstech.com/jobs-search,Tier 2,IT Staffing (National / Mid-tier),"Sub-contracting to prime MSPs; app dev, data, cloud, ERP, QA","C2C, W2, C2H",Yes – commonly sponsors / transfers
Flex Jobs,https://www.flexjobs.com/search?search=devops,N/A,Job Board / Talent Marketplace,Job aggregation / freelance marketplace – not an employer,N/A (posting source),N/A
Jsfirm,"https://www.jsfirm.com/AllCategories/devops+/Charlotte,+North+Carolina/searchquickjobs",N/A,Job Board / Talent Marketplace,Job aggregation / freelance marketplace – not an employer,N/A (posting source),N/A
Brooksource,https://app.employstream.com/jobs/brooksource/search,Tier 2,IT Staffing (National / Mid-tier),"Sub-contracting to prime MSPs; app dev, data, cloud, ERP, QA","C2C, W2, C2H",Yes – commonly sponsors / transfers
INSPYR Solutions,https://www.inspyrsolutions.com/jobs/,Tier 1,IT Staffing (National / Mid-tier),"IT staffing & solutions; app dev, data, cloud, infra; #14 SIA IT staffing 2026","C2C, W2, C2H",Yes – commonly sponsors / transfers
MOURI Tech,https://www.mouritech.com/careers/,Tier 2,IT Staffing (National / Mid-tier),"SAP, Oracle, Microsoft, cloud & data; heavy H1B/C2C sub-vendor","C2C, W2, C2H",Yes – large sponsor
Akkodis (formerly Modis),https://www.akkodis.com/en-us/jobs,Tier 1,IT Staffing (National / Mid-tier),Engineering + IT staffing (Adecco); Modis legacy,"C2C, W2, C2H",Yes – commonly sponsors / transfers
Randstad Digital,https://www.randstaddigital.com/jobs/,Tier 1,IT Staffing (National / Mid-tier),IT staffing & digital solutions (ettain group merged in),"C2C, W2, C2H",Yes – commonly sponsors / transfers
Dexian (DISYS + Signature Consultants),https://dexian.com/jobs/,Tier 1,IT Staffing (National / Mid-tier),"IT staffing, managed services; former DISYS/Signature","C2C, W2, C2H",Yes – commonly sponsors / transfers
Actalent,https://www.actalentservices.com/en/careers,Tier 1,IT Staffing (National / Mid-tier),Engineering & sciences staffing (Allegis),"C2C, W2, C2H",Yes – commonly sponsors / transfers
Aston Carter,https://www.astoncarter.com/en/job-search,Tier 1,IT Staffing (National / Mid-tier),"Sub-contracting to prime MSPs; app dev, data, cloud, ERP, QA","C2C, W2, C2H",Yes – commonly sponsors / transfers
CyberCoders,https://www.cybercoders.com/jobs/,Tier 1,IT Staffing (National / Mid-tier),Direct-hire tech recruiting (ASGN),"C2C, W2, C2H",Yes – commonly sponsors / transfers
KORE1,https://www.kore1.com/jobs/,Tier 2,IT Staffing (National / Mid-tier),"IT staffing – cloud, DevOps, data, security","C2C, W2, C2H",Yes – commonly sponsors / transfers
Scion Technical,https://sciontechnical.com/jobs/,Tier 2,IT Staffing (National / Mid-tier),"Sub-contracting to prime MSPs; app dev, data, cloud, ERP, QA","C2C, W2, C2H",Yes – commonly sponsors / transfers
Mastech Digital,https://www.mastechdigital.com/careers/,Tier 1,IT Staffing (National / Mid-tier),IT staffing; data/analytics (InfoTrellis); heavy H1B sponsor,"C2C, W2, C2H",Yes – large sponsor
Ampcus Inc,https://www.ampcus.com/careers,Tier 2,IT Staffing (National / Mid-tier),"Sub-contracting to prime MSPs; app dev, data, cloud, ERP, QA","C2C, W2, C2H",Yes – commonly sponsors / transfers
Genesis10,https://www.genesis10.com/job-seekers,Tier 1,IT Staffing (National / Mid-tier),IT staffing & consulting; large enterprise programs,"C2C, W2, C2H",Yes – commonly sponsors / transfers
Hays US,https://www.hays.com/us/jobs,Tier 1,IT Staffing (National / Mid-tier),"IT, finance & engineering recruiting; contract & perm","C2C, W2, C2H",Yes – commonly sponsors / transfers
Michael Page,https://www.michaelpage.com/jobs,Tier 1,IT Staffing (National / Mid-tier),"Sub-contracting to prime MSPs; app dev, data, cloud, ERP, QA","C2C, W2, C2H",Yes – commonly sponsors / transfers
LaSalle Network,https://www.thelasallenetwork.com/jobs/,Tier 2,IT Staffing (National / Mid-tier),"Sub-contracting to prime MSPs; app dev, data, cloud, ERP, QA","C2C, W2, C2H",Yes – commonly sponsors / transfers
Addison Group,https://addisongroup.com/job-seekers/,Tier 2,IT Staffing (National / Mid-tier),"Sub-contracting to prime MSPs; app dev, data, cloud, ERP, QA","C2C, W2, C2H",Yes – commonly sponsors / transfers
Phaxis,https://www.phaxis.com/jobs/,Tier 2,IT Staffing (National / Mid-tier),IT/finance staffing (NY metro),"C2C, W2, C2H",Yes – commonly sponsors / transfers
Jobot,https://jobot.com/jobs,Tier 2,IT Staffing (National / Mid-tier),"Sub-contracting to prime MSPs; app dev, data, cloud, ERP, QA","C2C, W2, C2H",Yes – commonly sponsors / transfers
Planet Technology,https://www.planet-technology.com/jobs/,Tier 2,IT Staffing (National / Mid-tier),"Sub-contracting to prime MSPs; app dev, data, cloud, ERP, QA","C2C, W2, C2H",Yes – commonly sponsors / transfers
Solomon Page,https://www.solomonpage.com/jobs/,Tier 2,IT Staffing (National / Mid-tier),"Sub-contracting to prime MSPs; app dev, data, cloud, ERP, QA","C2C, W2, C2H",Yes – commonly sponsors / transfers
Oxford Global Resources,https://www.oxfordcorp.com/jobs/,Tier 2,IT Staffing (National / Mid-tier),"Sub-contracting to prime MSPs; app dev, data, cloud, ERP, QA","C2C, W2, C2H",Yes – commonly sponsors / transfers
SNI Technology,https://www.snitechnology.com/jobs,Tier 2,IT Staffing (National / Mid-tier),"Sub-contracting to prime MSPs; app dev, data, cloud, ERP, QA","C2C, W2, C2H",Yes – commonly sponsors / transfers
System One,https://www.systemone.com/jobs/,Tier 1,IT Staffing (National / Mid-tier),"Engineering, IT & energy staffing","C2C, W2, C2H",Yes – commonly sponsors / transfers
Belcan,https://www.belcan.com/careers/,Tier 1,IT Staffing (National / Mid-tier),"Engineering & IT staffing; energy, aerospace","C2C, W2, C2H",Yes – commonly sponsors / transfers
Bartech Group,https://www.bartechgroup.com/jobs,Tier 2,IT Staffing (National / Mid-tier),Engineering & IT staffing; MSP programs,"C2C, W2, C2H",Yes – commonly sponsors / transfers
The Fountain Group,https://thefountaingroup.com/jobs/,Tier 2,IT Staffing (National / Mid-tier),"Sub-contracting to prime MSPs; app dev, data, cloud, ERP, QA","C2C, W2, C2H",Yes – commonly sponsors / transfers
PEAK Technical Staffing,https://www.peaktechnical.com/jobs,Tier 2,IT Staffing (National / Mid-tier),"Sub-contracting to prime MSPs; app dev, data, cloud, ERP, QA","C2C, W2, C2H",Yes – commonly sponsors / transfers
Sparks Group,https://www.sparksgroupinc.com/jobs,Tier 2,IT Staffing (National / Mid-tier),"Sub-contracting to prime MSPs; app dev, data, cloud, ERP, QA","C2C, W2, C2H",Yes – commonly sponsors / transfers
Computer Enterprises Inc (CEI),https://www.ceiamerica.com/careers/,Tier 2,IT Staffing (National / Mid-tier),"Sub-contracting to prime MSPs; app dev, data, cloud, ERP, QA","C2C, W2, C2H",Yes – commonly sponsors / transfers
Cook Systems,https://www.cooksys.com/careers/,Tier 2,IT Staffing (National / Mid-tier),"Sub-contracting to prime MSPs; app dev, data, cloud, ERP, QA","C2C, W2, C2H",Yes – commonly sponsors / transfers
Blue Chip Talent,https://www.bluechiptalent.com/jobs,Tier 2,IT Staffing (National / Mid-tier),"Sub-contracting to prime MSPs; app dev, data, cloud, ERP, QA","C2C, W2, C2H",Yes – commonly sponsors / transfers
The Intersect Group,https://www.theintersectgroup.com/jobs/,Tier 2,IT Staffing (National / Mid-tier),"Sub-contracting to prime MSPs; app dev, data, cloud, ERP, QA","C2C, W2, C2H",Yes – commonly sponsors / transfers
Nesco Resource,https://www.nescoresource.com/jobs,Tier 2,IT Staffing (National / Mid-tier),"Sub-contracting to prime MSPs; app dev, data, cloud, ERP, QA","C2C, W2, C2H",Yes – commonly sponsors / transfers
Kavaliro,https://www.kavaliro.com/jobs,Tier 2,IT Staffing (National / Mid-tier),"Sub-contracting to prime MSPs; app dev, data, cloud, ERP, QA","C2C, W2, C2H",Yes – commonly sponsors / transfers
Rangam,https://www.rangam.com/jobs,Tier 2,IT Staffing (National / Mid-tier),"Sub-contracting to prime MSPs; app dev, data, cloud, ERP, QA","C2C, W2, C2H",Yes – commonly sponsors / transfers
TalentBurst,https://www.talentburst.com/jobs,Tier 2,IT Staffing (National / Mid-tier),"Sub-contracting to prime MSPs; app dev, data, cloud, ERP, QA","C2C, W2, C2H",Yes – commonly sponsors / transfers
Mindlance,https://www.mindlance.com/careers,Tier 2,IT Staffing (National / Mid-tier),IT staffing; MSP programs,"C2C, W2, C2H",Yes – commonly sponsors / transfers
Aditi Consulting,https://www.aditiconsulting.com/careers,Tier 2,IT Staffing (National / Mid-tier),IT staffing; MSP; data/cloud,"C2C, W2, C2H",Yes – commonly sponsors / transfers
Compunnel,https://www.compunnel.com/careers/,Tier 2,IT Staffing (National / Mid-tier),IT staffing & data/AI services; heavy MSP sub-vendor,"C2C, W2, C2H",Yes – large sponsor
ICONMA,https://www.iconma.com/careers/,Tier 2,IT Staffing (National / Mid-tier),IT staffing; MSP/VMS programs; energy & auto clients,"C2C, W2, C2H",Yes – commonly sponsors / transfers
eTeam Inc,https://www.eteaminc.com/careers/,Tier 2,IT Staffing (National / Mid-tier),IT staffing; MSP/VMS heavy,"C2C, W2, C2H",Yes – commonly sponsors / transfers
IDC Technologies,https://www.idctechnologies.com/careers/,Tier 2,IT Staffing (National / Mid-tier),IT staffing; big MSP sub-vendor; H1B,"C2C, W2, C2H",Yes – large sponsor
Net2Source,https://www.net2source.com/careers/,Tier 2,IT Staffing (National / Mid-tier),IT staffing; MSP; global,"C2C, W2, C2H",Yes – commonly sponsors / transfers
Cynet Systems,https://www.cynetsystems.com/jobs,Tier 2,IT Staffing (National / Mid-tier),IT & engineering staffing; MSP,"C2C, W2, C2H",Yes – commonly sponsors / transfers
V2Soft,https://www.v2soft.com/careers,Tier 2,IT Staffing (National / Mid-tier),"Sub-contracting to prime MSPs; app dev, data, cloud, ERP, QA","C2C, W2, C2H",Yes – commonly sponsors / transfers
Sunrise Systems,https://www.sunrisesys.com/careers,Tier 2,IT Staffing (National / Mid-tier),IT staffing; MSP programs (NJ),"C2C, W2, C2H",Yes – commonly sponsors / transfers
Intelliswift Software,https://www.intelliswift.com/careers,Tier 2,IT Staffing (National / Mid-tier),IT staffing & product engineering (LTTS),"C2C, W2, C2H",Yes – commonly sponsors / transfers
Infojini,https://www.infojiniconsulting.com/careers/,Tier 2,IT Staffing (National / Mid-tier),"Sub-contracting to prime MSPs; app dev, data, cloud, ERP, QA","C2C, W2, C2H",Yes – commonly sponsors / transfers
Cogent Infotech,https://www.cogentinfo.com/jobs,Tier 2,IT Staffing (National / Mid-tier),"Sub-contracting to prime MSPs; app dev, data, cloud, ERP, QA","C2C, W2, C2H",Yes – commonly sponsors / transfers
TekWissen,https://www.tekwissen.com/careers,Tier 2,IT Staffing (National / Mid-tier),IT staffing; MSP; auto/energy,"C2C, W2, C2H",Yes – commonly sponsors / transfers
Talent Software Services,https://www.talentsoftware.com/jobs,Tier 2,IT Staffing (National / Mid-tier),"Sub-contracting to prime MSPs; app dev, data, cloud, ERP, QA","C2C, W2, C2H",Yes – commonly sponsors / transfers
US Tech Solutions,https://www.ustechsolutions.com/careers/,Tier 2,IT Staffing (National / Mid-tier),IT staffing; large MSP sub-vendor,"C2C, W2, C2H",Yes – large sponsor
Innova Solutions,https://www.innovasolutions.com/careers/,Tier 1,IT Staffing (National / Mid-tier),IT staffing & services (ex-ACS); very large H1B sponsor,"C2C, W2, C2H",Yes – very large sponsor
Ascendion,https://ascendion.com/careers/,Tier 1,IT Staffing (National / Mid-tier),Digital engineering & staffing (ex-Collabera),"C2C, W2, C2H",Yes – commonly sponsors / transfers
LanceSoft,https://www.lancesoft.com/careers,Tier 2,IT Staffing (National / Mid-tier),IT & healthcare staffing; MSP,"C2C, W2, C2H",Yes – commonly sponsors / transfers
Kyyba,https://www.kyyba.com/careers,Tier 2,IT Staffing (National / Mid-tier),"Sub-contracting to prime MSPs; app dev, data, cloud, ERP, QA","C2C, W2, C2H",Yes – commonly sponsors / transfers
VDart,https://www.vdart.com/jobs/,Tier 2,IT Staffing (National / Mid-tier),IT staffing; H1B; MSP,"C2C, W2, C2H",Yes – commonly sponsors / transfers
Xoriant,https://www.xoriant.com/careers,Tier 2,IT Staffing (National / Mid-tier),Product engineering & data,"C2C, W2, C2H",Yes – commonly sponsors / transfers
Tanisha Systems,https://www.tanishasystems.com/careers,Tier 2,IT Staffing (National / Mid-tier),"Sub-contracting to prime MSPs; app dev, data, cloud, ERP, QA","C2C, W2, C2H",Yes – commonly sponsors / transfers
Amerit Consulting,https://www.ameritconsulting.com/jobs,Tier 2,IT Staffing (National / Mid-tier),"Sub-contracting to prime MSPs; app dev, data, cloud, ERP, QA","C2C, W2, C2H",Yes – commonly sponsors / transfers
Apidel Technologies,https://www.apidel.com/careers,Tier 3,IT Staffing (National / Mid-tier),"Sub-contracting to prime MSPs; app dev, data, cloud, ERP, QA","C2C, W2, C2H",Likely – verify per role
Abacus Service Corporation,https://www.abacusservice.com/careers,Tier 3,IT Staffing (National / Mid-tier),"Sub-contracting to prime MSPs; app dev, data, cloud, ERP, QA","C2C, W2, C2H",Likely – verify per role
Arthur Grand Technologies,https://www.arthurgrand.com/careers,Tier 3,IT Staffing (National / Mid-tier),"Sub-contracting to prime MSPs; app dev, data, cloud, ERP, QA","C2C, W2, C2H",Likely – verify per role
ASK Consulting,https://www.askconsulting.com/jobs,Tier 2,IT Staffing (National / Mid-tier),"Sub-contracting to prime MSPs; app dev, data, cloud, ERP, QA","C2C, W2, C2H",Yes – commonly sponsors / transfers
Axelon Services,https://www.axelon.com/careers,Tier 2,IT Staffing (National / Mid-tier),"Sub-contracting to prime MSPs; app dev, data, cloud, ERP, QA","C2C, W2, C2H",Yes – commonly sponsors / transfers
BayOne Solutions,https://bayone.com/careers/,Tier 3,IT Staffing (National / Mid-tier),"Sub-contracting to prime MSPs; app dev, data, cloud, ERP, QA","C2C, W2, C2H",Likely – verify per role
Beyondsoft,https://www.beyondsoft.com/careers,Tier 2,IT Staffing (National / Mid-tier),"Sub-contracting to prime MSPs; app dev, data, cloud, ERP, QA","C2C, W2, C2H",Yes – commonly sponsors / transfers
Canopy One Solutions,https://www.canopyone.com/careers,Tier 3,IT Staffing (National / Mid-tier),"Sub-contracting to prime MSPs; app dev, data, cloud, ERP, QA","C2C, W2, C2H",Likely – verify per role
Charter Global,https://www.charterglobal.com/careers/,Tier 3,IT Staffing (National / Mid-tier),"Sub-contracting to prime MSPs; app dev, data, cloud, ERP, QA","C2C, W2, C2H",Likely – verify per role
CodeForce 360,https://www.codeforce360.com/careers,Tier 3,IT Staffing (National / Mid-tier),"Sub-contracting to prime MSPs; app dev, data, cloud, ERP, QA","C2C, W2, C2H",Likely – verify per role
Computech Corporation,https://www.computechcorp.com/careers,Tier 3,IT Staffing (National / Mid-tier),"Sub-contracting to prime MSPs; app dev, data, cloud, ERP, QA","C2C, W2, C2H",Likely – verify per role
Conch Technologies,https://www.conchtech.com/careers,Tier 3,IT Staffing (National / Mid-tier),"Sub-contracting to prime MSPs; app dev, data, cloud, ERP, QA","C2C, W2, C2H",Likely – verify per role
Danta Technologies,https://www.dantatechnologies.com/careers,Tier 3,IT Staffing (National / Mid-tier),"Sub-contracting to prime MSPs; app dev, data, cloud, ERP, QA","C2C, W2, C2H",Likely – verify per role
Data Inc,https://www.datainc.biz/careers,Tier 3,IT Staffing (National / Mid-tier),"Sub-contracting to prime MSPs; app dev, data, cloud, ERP, QA","C2C, W2, C2H",Likely – verify per role
Denken Solutions,https://www.denkensolutions.com/careers,Tier 3,IT Staffing (National / Mid-tier),"Sub-contracting to prime MSPs; app dev, data, cloud, ERP, QA","C2C, W2, C2H",Likely – verify per role
DivIHN Integration,https://www.divihn.com/careers/,Tier 2,IT Staffing (National / Mid-tier),"Sub-contracting to prime MSPs; app dev, data, cloud, ERP, QA","C2C, W2, C2H",Yes – commonly sponsors / transfers
First Tek,https://www.first-tek.com/careers,Tier 3,IT Staffing (National / Mid-tier),"Sub-contracting to prime MSPs; app dev, data, cloud, ERP, QA","C2C, W2, C2H",Likely – verify per role
GDH Consulting,https://www.gdhinc.com/jobs,Tier 3,IT Staffing (National / Mid-tier),"Sub-contracting to prime MSPs; app dev, data, cloud, ERP, QA","C2C, W2, C2H",Likely – verify per role
Greenlight Professional Services,https://greenlight.pro/job-board,Tier 3,IT Staffing (National / Mid-tier),"Sub-contracting to prime MSPs; app dev, data, cloud, ERP, QA","C2C, W2, C2H",Likely – verify per role
HireTalent,https://www.hiretalent.com/jobs,Tier 3,IT Staffing (National / Mid-tier),"Sub-contracting to prime MSPs; app dev, data, cloud, ERP, QA","C2C, W2, C2H",Likely – verify per role
InfoObjects,https://www.infoobjects.com/careers,Tier 3,IT Staffing (National / Mid-tier),"Sub-contracting to prime MSPs; app dev, data, cloud, ERP, QA","C2C, W2, C2H",Likely – verify per role
Infinite Computer Solutions,https://www.infinite.com/careers/,Tier 2,IT Staffing (National / Mid-tier),"Sub-contracting to prime MSPs; app dev, data, cloud, ERP, QA","C2C, W2, C2H",Yes – commonly sponsors / transfers
Infinity Consulting Solutions (ICS),https://www.infinity-cs.com/jobs,Tier 3,IT Staffing (National / Mid-tier),"Sub-contracting to prime MSPs; app dev, data, cloud, ERP, QA","C2C, W2, C2H",Likely – verify per role
Innosoul,https://www.innosoul.com/careers,Tier 3,IT Staffing (National / Mid-tier),"Sub-contracting to prime MSPs; app dev, data, cloud, ERP, QA","C2C, W2, C2H",Likely – verify per role
IT Trailblazers,https://www.ittblazers.com/careers,Tier 3,IT Staffing (National / Mid-tier),"Sub-contracting to prime MSPs; app dev, data, cloud, ERP, QA","C2C, W2, C2H",Likely – verify per role
Jade Global,https://www.jadeglobal.com/careers,Tier 2,IT Staffing (National / Mid-tier),"Sub-contracting to prime MSPs; app dev, data, cloud, ERP, QA","C2C, W2, C2H",Yes – commonly sponsors / transfers
Marlabs,https://www.marlabs.com/careers,Tier 3,IT Staffing (National / Mid-tier),"Sub-contracting to prime MSPs; app dev, data, cloud, ERP, QA","C2C, W2, C2H",Likely – verify per role
Mitchell Martin,https://www.mitchellmartin.com/jobs,Tier 3,IT Staffing (National / Mid-tier),"Sub-contracting to prime MSPs; app dev, data, cloud, ERP, QA","C2C, W2, C2H",Likely – verify per role
MSys Technologies,https://www.msystechnologies.com/careers,Tier 3,IT Staffing (National / Mid-tier),"Sub-contracting to prime MSPs; app dev, data, cloud, ERP, QA","C2C, W2, C2H",Likely – verify per role
Nityo Infotech,https://www.nityo.com/careers,Tier 2,IT Staffing (National / Mid-tier),"Sub-contracting to prime MSPs; app dev, data, cloud, ERP, QA","C2C, W2, C2H",Yes – commonly sponsors / transfers
NLB Services,https://www.nlbservices.com/careers/,Tier 2,IT Staffing (National / Mid-tier),"Sub-contracting to prime MSPs; app dev, data, cloud, ERP, QA","C2C, W2, C2H",Yes – commonly sponsors / transfers
Pinnacle Group,https://www.pinnaclegroup.com/careers/,Tier 3,IT Staffing (National / Mid-tier),"Sub-contracting to prime MSPs; app dev, data, cloud, ERP, QA","C2C, W2, C2H",Likely – verify per role
Populus Group,https://www.populusgroup.com/jobs,Tier 2,IT Staffing (National / Mid-tier),"Sub-contracting to prime MSPs; app dev, data, cloud, ERP, QA","C2C, W2, C2H",Yes – commonly sponsors / transfers
Quantum World Technologies,https://www.quantumworldit.com/careers,Tier 3,IT Staffing (National / Mid-tier),"Sub-contracting to prime MSPs; app dev, data, cloud, ERP, QA","C2C, W2, C2H",Likely – verify per role
Quest Global,https://www.quest-global.com/careers,Tier 2,IT Staffing (National / Mid-tier),"Sub-contracting to prime MSPs; app dev, data, cloud, ERP, QA","C2C, W2, C2H",Yes – commonly sponsors / transfers
R Systems,https://www.rsystems.com/careers,Tier 2,IT Staffing (National / Mid-tier),"Sub-contracting to prime MSPs; app dev, data, cloud, ERP, QA","C2C, W2, C2H",Yes – commonly sponsors / transfers
RCM Technologies,https://www.rcmt.com/careers,Tier 2,IT Staffing (National / Mid-tier),"Sub-contracting to prime MSPs; app dev, data, cloud, ERP, QA","C2C, W2, C2H",Yes – commonly sponsors / transfers
Sage IT,https://sageitinc.com/careers/,Tier 3,IT Staffing (National / Mid-tier),"Sub-contracting to prime MSPs; app dev, data, cloud, ERP, QA","C2C, W2, C2H",Likely – verify per role
SGS Technologie,https://www.sgstechnologies.net/careers,Tier 3,IT Staffing (National / Mid-tier),"Sub-contracting to prime MSPs; app dev, data, cloud, ERP, QA","C2C, W2, C2H",Likely – verify per role
Sharp Decisions,https://www.sharpdecisions.com/jobs,Tier 3,IT Staffing (National / Mid-tier),"Sub-contracting to prime MSPs; app dev, data, cloud, ERP, QA","C2C, W2, C2H",Likely – verify per role
Softpath System,https://www.softpath.net/careers,Tier 3,IT Staffing (National / Mid-tier),"Sub-contracting to prime MSPs; app dev, data, cloud, ERP, QA","C2C, W2, C2H",Likely – verify per role
SoftHQ,https://www.softhq.com/careers,Tier 3,IT Staffing (National / Mid-tier),"Sub-contracting to prime MSPs; app dev, data, cloud, ERP, QA","C2C, W2, C2H",Likely – verify per role
Spruce Technology,https://www.sprucetech.com/careers,Tier 3,IT Staffing (National / Mid-tier),"Sub-contracting to prime MSPs; app dev, data, cloud, ERP, QA","C2C, W2, C2H",Likely – verify per role
Stefanini,https://stefanini.com/en/careers,Tier 1,IT Staffing (National / Mid-tier),"Sub-contracting to prime MSPs; app dev, data, cloud, ERP, QA","C2C, W2, C2H",Yes – commonly sponsors / transfers
SVAM International,https://www.svam.com/careers,Tier 3,IT Staffing (National / Mid-tier),"Sub-contracting to prime MSPs; app dev, data, cloud, ERP, QA","C2C, W2, C2H",Likely – verify per role
Sysmind,https://www.sysmind.com/careers,Tier 2,IT Staffing (National / Mid-tier),"Sub-contracting to prime MSPs; app dev, data, cloud, ERP, QA","C2C, W2, C2H",Yes – commonly sponsors / transfers
TechDigital Corporation,https://www.techdigitalcorp.com/careers,Tier 3,IT Staffing (National / Mid-tier),"Sub-contracting to prime MSPs; app dev, data, cloud, ERP, QA","C2C, W2, C2H",Likely – verify per role
Tech Tammina,https://www.techtammina.com/careers,Tier 3,IT Staffing (National / Mid-tier),"Sub-contracting to prime MSPs; app dev, data, cloud, ERP, QA","C2C, W2, C2H",Likely – verify per role
TechnoGen,https://www.technogeninc.com/careers,Tier 3,IT Staffing (National / Mid-tier),"Sub-contracting to prime MSPs; app dev, data, cloud, ERP, QA","C2C, W2, C2H",Likely – verify per role
TSR Consulting,https://www.tsrconsulting.com/careers,Tier 3,IT Staffing (National / Mid-tier),"Sub-contracting to prime MSPs; app dev, data, cloud, ERP, QA","C2C, W2, C2H",Likely – verify per role
Two95 International,https://www.two95intl.com/careers,Tier 3,IT Staffing (National / Mid-tier),"Sub-contracting to prime MSPs; app dev, data, cloud, ERP, QA","C2C, W2, C2H",Likely – verify per role
W3Global,https://www.w3global.com/jobs,Tier 3,IT Staffing (National / Mid-tier),"Sub-contracting to prime MSPs; app dev, data, cloud, ERP, QA","C2C, W2, C2H",Likely – verify per role
Zolon Tech,https://www.zolontech.com/careers,Tier 3,IT Staffing (National / Mid-tier),"Sub-contracting to prime MSPs; app dev, data, cloud, ERP, QA","C2C, W2, C2H",Likely – verify per role
iSpace Inc,https://www.ispace.com/careers,Tier 3,IT Staffing (National / Mid-tier),"Sub-contracting to prime MSPs; app dev, data, cloud, ERP, QA","C2C, W2, C2H",Likely – verify per role
Saxon Global,https://saxonglobal.com/careers/,Tier 3,IT Staffing (National / Mid-tier),"Sub-contracting to prime MSPs; app dev, data, cloud, ERP, QA","C2C, W2, C2H",Likely – verify per role
Techgene Solutions,https://www.techgene.com/careers/,Tier 3,IT Staffing (National / Mid-tier),"Sub-contracting to prime MSPs; app dev, data, cloud, ERP, QA","C2C, W2, C2H",Likely – verify per role
Info Way Solutions,https://www.infoways.com/careers,Tier 3,IT Staffing (National / Mid-tier),"Sub-contracting to prime MSPs; app dev, data, cloud, ERP, QA","C2C, W2, C2H",Likely – verify per role
Lorven Technologies,https://www.lorventech.com/careers,Tier 3,IT Staffing (National / Mid-tier),"Sub-contracting to prime MSPs; app dev, data, cloud, ERP, QA","C2C, W2, C2H",Likely – verify per role
Anblicks,https://www.anblicks.com/careers/,Tier 3,IT Staffing (National / Mid-tier),"Sub-contracting to prime MSPs; app dev, data, cloud, ERP, QA","C2C, W2, C2H",Likely – verify per role
Avance Consulting,https://www.avanceservices.com/careers,Tier 3,IT Staffing (National / Mid-tier),"Sub-contracting to prime MSPs; app dev, data, cloud, ERP, QA","C2C, W2, C2H",Likely – verify per role
Kanini,https://kanini.com/careers/,Tier 3,IT Staffing (National / Mid-tier),"Sub-contracting to prime MSPs; app dev, data, cloud, ERP, QA","C2C, W2, C2H",Likely – verify per role
Object Technology Solutions (OTSI),https://www.otsi-usa.com/careers,Tier 2,IT Staffing (National / Mid-tier),"Sub-contracting to prime MSPs; app dev, data, cloud, ERP, QA","C2C, W2, C2H",Yes – commonly sponsors / transfers
Intone Networks,https://www.intonenetworks.com/careers,Tier 3,IT Staffing (National / Mid-tier),"Sub-contracting to prime MSPs; app dev, data, cloud, ERP, QA","C2C, W2, C2H",Likely – verify per role
InfoVision,https://www.infovision.com/careers,Tier 2,IT Staffing (National / Mid-tier),"Sub-contracting to prime MSPs; app dev, data, cloud, ERP, QA","C2C, W2, C2H",Yes – commonly sponsors / transfers
iTech US,https://www.itechus.com/careers,Tier 3,IT Staffing (National / Mid-tier),"Sub-contracting to prime MSPs; app dev, data, cloud, ERP, QA","C2C, W2, C2H",Likely – verify per role
22nd Century Technologies,https://www.tscti.com/careers,Tier 2,IT Staffing (National / Mid-tier),State/local govt & IT staffing,"C2C, W2, C2H",Yes – commonly sponsors / transfers
Consultadd,https://consultadd.com/careers/,Tier 3,IT Staffing (National / Mid-tier),OPT/H1B-heavy consulting; entry/mid; C2C,W2 (own bench) + C2C,Yes – files heavily for OPT/H1B
Photon,https://www.photon.com/careers,Tier 2,IT Staffing (National / Mid-tier),"Sub-contracting to prime MSPs; app dev, data, cloud, ERP, QA","C2C, W2, C2H",Yes – commonly sponsors / transfers
Ness Digital Engineering,https://www.ness.com/careers/,Tier 2,IT Staffing (National / Mid-tier),"Sub-contracting to prime MSPs; app dev, data, cloud, ERP, QA","C2C, W2, C2H",Yes – commonly sponsors / transfers
Emids,https://www.emids.com/careers/,Tier 2,IT Staffing (National / Mid-tier),"Sub-contracting to prime MSPs; app dev, data, cloud, ERP, QA","C2C, W2, C2H",Yes – commonly sponsors / transfers
HTC Global Services,https://www.htcinc.com/careers/,Tier 2,IT Staffing (National / Mid-tier),"Sub-contracting to prime MSPs; app dev, data, cloud, ERP, QA","C2C, W2, C2H",Yes – commonly sponsors / transfers
CTG (Computer Task Group),https://www.ctg.com/careers/,Tier 2,IT Staffing (National / Mid-tier),"Sub-contracting to prime MSPs; app dev, data, cloud, ERP, QA","C2C, W2, C2H",Yes – commonly sponsors / transfers
Sogeti,https://www.sogeti.com/careers/,Tier 2,IT Staffing (National / Mid-tier),"Sub-contracting to prime MSPs; app dev, data, cloud, ERP, QA","C2C, W2, C2H",Yes – commonly sponsors / transfers
Iris Software,https://www.irissoftware.com/careers,Tier 2,IT Staffing (National / Mid-tier),"Sub-contracting to prime MSPs; app dev, data, cloud, ERP, QA","C2C, W2, C2H",Yes – commonly sponsors / transfers
Tavant,https://www.tavant.com/careers,Tier 2,IT Staffing (National / Mid-tier),"Sub-contracting to prime MSPs; app dev, data, cloud, ERP, QA","C2C, W2, C2H",Yes – commonly sponsors / transfers
Altimetrik,https://www.altimetrik.com/careers,Tier 2,IT Staffing (National / Mid-tier),"Sub-contracting to prime MSPs; app dev, data, cloud, ERP, QA","C2C, W2, C2H",Yes – commonly sponsors / transfers
GSPANN Technologies,https://www.gspann.com/careers/,Tier 2,IT Staffing (National / Mid-tier),"Sub-contracting to prime MSPs; app dev, data, cloud, ERP, QA","C2C, W2, C2H",Yes – commonly sponsors / transfers
Wavicle Data Solutions,https://wavicledata.com/careers/,Tier 2,IT Staffing (National / Mid-tier),"Data engineering, cloud data platforms","C2C, W2, C2H",Yes
Systems Plus,https://www.systems-plus.com/careers,Tier 2,IT Staffing (National / Mid-tier),"Sub-contracting to prime MSPs; app dev, data, cloud, ERP, QA","C2C, W2, C2H",Yes – commonly sponsors / transfers
Kloud9,https://www.kloud9.nyc/careers,Tier 3,IT Staffing (National / Mid-tier),"Sub-contracting to prime MSPs; app dev, data, cloud, ERP, QA","C2C, W2, C2H",Likely – verify per role
Quinnox,https://www.quinnox.com/careers/,Tier 2,IT Staffing (National / Mid-tier),"Sub-contracting to prime MSPs; app dev, data, cloud, ERP, QA","C2C, W2, C2H",Yes – commonly sponsors / transfers
Ideas2IT,https://www.ideas2it.com/careers,Tier 2,IT Staffing (National / Mid-tier),"Sub-contracting to prime MSPs; app dev, data, cloud, ERP, QA","C2C, W2, C2H",Yes – commonly sponsors / transfers
Movate (formerly CSS Corp),https://www.movate.com/careers/,Tier 2,IT Staffing (National / Mid-tier),"Sub-contracting to prime MSPs; app dev, data, cloud, ERP, QA","C2C, W2, C2H",Yes – commonly sponsors / transfers
Infogain,https://www.infogain.com/careers/,Tier 2,IT Staffing (National / Mid-tier),"Sub-contracting to prime MSPs; app dev, data, cloud, ERP, QA","C2C, W2, C2H",Yes – commonly sponsors / transfers
ITC Infotech,https://www.itcinfotech.com/careers/,Tier 2,IT Staffing (National / Mid-tier),"Sub-contracting to prime MSPs; app dev, data, cloud, ERP, QA","C2C, W2, C2H",Yes – commonly sponsors / transfers
Aspire Systems,https://www.aspiresys.com/careers,Tier 2,IT Staffing (National / Mid-tier),"Sub-contracting to prime MSPs; app dev, data, cloud, ERP, QA","C2C, W2, C2H",Yes – commonly sponsors / transfers
Trigent Software,https://trigent.com/careers/,Tier 2,IT Staffing (National / Mid-tier),"Sub-contracting to prime MSPs; app dev, data, cloud, ERP, QA","C2C, W2, C2H",Yes – commonly sponsors / transfers
Prolifics,https://prolifics.com/careers/,Tier 2,IT Staffing (National / Mid-tier),"Sub-contracting to prime MSPs; app dev, data, cloud, ERP, QA","C2C, W2, C2H",Yes – commonly sponsors / transfers
Trianz,https://www.trianz.com/careers,Tier 2,IT Staffing (National / Mid-tier),"Sub-contracting to prime MSPs; app dev, data, cloud, ERP, QA","C2C, W2, C2H",Yes – commonly sponsors / transfers
Techwave,https://techwave.net/careers/,Tier 2,IT Staffing (National / Mid-tier),"Sub-contracting to prime MSPs; app dev, data, cloud, ERP, QA","C2C, W2, C2H",Yes – commonly sponsors / transfers
YASH Technologies,https://www.yash.com/careers/,Tier 2,IT Staffing (National / Mid-tier),"Sub-contracting to prime MSPs; app dev, data, cloud, ERP, QA","C2C, W2, C2H",Yes – commonly sponsors / transfers
SLK Software,https://www.slksoftware.com/careers/,Tier 2,IT Staffing (National / Mid-tier),"Sub-contracting to prime MSPs; app dev, data, cloud, ERP, QA","C2C, W2, C2H",Yes – commonly sponsors / transfers
Innominds,https://www.innominds.com/careers,Tier 2,IT Staffing (National / Mid-tier),"Sub-contracting to prime MSPs; app dev, data, cloud, ERP, QA","C2C, W2, C2H",Yes – commonly sponsors / transfers
Nous Infosystems,https://www.nousinfosystems.com/careers,Tier 2,IT Staffing (National / Mid-tier),"Sub-contracting to prime MSPs; app dev, data, cloud, ERP, QA","C2C, W2, C2H",Yes – commonly sponsors / transfers
Torry Harris,https://www.torryharris.com/careers,Tier 2,IT Staffing (National / Mid-tier),"Sub-contracting to prime MSPs; app dev, data, cloud, ERP, QA","C2C, W2, C2H",Yes – commonly sponsors / transfers
InfoBeans,https://www.infobeans.com/careers,Tier 2,IT Staffing (National / Mid-tier),"Sub-contracting to prime MSPs; app dev, data, cloud, ERP, QA","C2C, W2, C2H",Yes – commonly sponsors / transfers
QBurst,https://www.qburst.com/careers,Tier 2,IT Staffing (National / Mid-tier),"Sub-contracting to prime MSPs; app dev, data, cloud, ERP, QA","C2C, W2, C2H",Yes – commonly sponsors / transfers
Kellton,https://www.kellton.com/careers,Tier 2,IT Staffing (National / Mid-tier),"Sub-contracting to prime MSPs; app dev, data, cloud, ERP, QA","C2C, W2, C2H",Yes – commonly sponsors / transfers
Cybage,https://www.cybage.com/careers,Tier 2,IT Staffing (National / Mid-tier),"Sub-contracting to prime MSPs; app dev, data, cloud, ERP, QA","C2C, W2, C2H",Yes – commonly sponsors / transfers
Cigniti Technologies,https://www.cigniti.com/careers/,Tier 2,IT Staffing (National / Mid-tier),"Sub-contracting to prime MSPs; app dev, data, cloud, ERP, QA","C2C, W2, C2H",Yes – commonly sponsors / transfers
Encora,https://www.encora.com/careers,Tier 2,IT Staffing (National / Mid-tier),"Sub-contracting to prime MSPs; app dev, data, cloud, ERP, QA","C2C, W2, C2H",Yes – commonly sponsors / transfers
Apexon,https://www.apexon.com/careers/,Tier 2,IT Staffing (National / Mid-tier),"Sub-contracting to prime MSPs; app dev, data, cloud, ERP, QA","C2C, W2, C2H",Yes – commonly sponsors / transfers
ValueLabs,https://www.valuelabs.com/careers/,Tier 2,IT Staffing (National / Mid-tier),"Sub-contracting to prime MSPs; app dev, data, cloud, ERP, QA","C2C, W2, C2H",Yes – commonly sponsors / transfers
Softtek,https://www.softtek.com/careers,Tier 1,IT Staffing (National / Mid-tier),"Sub-contracting to prime MSPs; app dev, data, cloud, ERP, QA","C2C, W2, C2H",Yes – commonly sponsors / transfers
Grid Dynamics,https://www.griddynamics.com/careers,Tier 1,IT Staffing (National / Mid-tier),"Sub-contracting to prime MSPs; app dev, data, cloud, ERP, QA","C2C, W2, C2H",Yes – commonly sponsors / transfers
EPAM Systems,https://www.epam.com/careers,Tier 1,IT Staffing (National / Mid-tier),"Sub-contracting to prime MSPs; app dev, data, cloud, ERP, QA","C2C, W2, C2H",Yes – commonly sponsors / transfers
Endava,https://careers.endava.com/,Tier 1,IT Staffing (National / Mid-tier),"Sub-contracting to prime MSPs; app dev, data, cloud, ERP, QA","C2C, W2, C2H",Yes – commonly sponsors / transfers
Globant,https://www.globant.com/careers,Tier 1,IT Staffing (National / Mid-tier),"Sub-contracting to prime MSPs; app dev, data, cloud, ERP, QA","C2C, W2, C2H",Yes – commonly sponsors / transfers
Nagarro,https://www.nagarro.com/en/careers,Tier 1,IT Staffing (National / Mid-tier),"Sub-contracting to prime MSPs; app dev, data, cloud, ERP, QA","C2C, W2, C2H",Yes – commonly sponsors / transfers
Luxoft (DXC),https://career.luxoft.com/,Tier 2,IT Staffing (National / Mid-tier),"Sub-contracting to prime MSPs; app dev, data, cloud, ERP, QA","C2C, W2, C2H",Yes – commonly sponsors / transfers
Datavail,https://www.datavail.com/careers/,Tier 2,IT Staffing (National / Mid-tier),"Sub-contracting to prime MSPs; app dev, data, cloud, ERP, QA","C2C, W2, C2H",Yes – commonly sponsors / transfers
SoftServe,https://career.softserveinc.com/,Tier 2,IT Staffing (National / Mid-tier),"Sub-contracting to prime MSPs; app dev, data, cloud, ERP, QA","C2C, W2, C2H",Yes – commonly sponsors / transfers
Ciklum,https://www.ciklum.com/careers,Tier 2,IT Staffing (National / Mid-tier),"Sub-contracting to prime MSPs; app dev, data, cloud, ERP, QA","C2C, W2, C2H",Yes – commonly sponsors / transfers
Intellias,https://intellias.com/careers/,Tier 2,IT Staffing (National / Mid-tier),"Sub-contracting to prime MSPs; app dev, data, cloud, ERP, QA","C2C, W2, C2H",Yes – commonly sponsors / transfers
N-iX,https://www.n-ix.com/careers/,Tier 2,IT Staffing (National / Mid-tier),"Sub-contracting to prime MSPs; app dev, data, cloud, ERP, QA","C2C, W2, C2H",Yes – commonly sponsors / transfers
Sigma Software,https://career.sigma.software/,Tier 2,IT Staffing (National / Mid-tier),"Sub-contracting to prime MSPs; app dev, data, cloud, ERP, QA","C2C, W2, C2H",Yes – commonly sponsors / transfers
BairesDev,https://www.bairesdev.com/careers/,Tier 1,IT Staffing (National / Mid-tier),"Sub-contracting to prime MSPs; app dev, data, cloud, ERP, QA","C2C, W2, C2H",Yes – commonly sponsors / transfers
Perficient,https://www.perficient.com/careers,Tier 1,IT Staffing (National / Mid-tier),"Sub-contracting to prime MSPs; app dev, data, cloud, ERP, QA","C2C, W2, C2H",Yes – commonly sponsors / transfers
Slalom,https://www.slalom.com/careers,Tier 1,IT Staffing (National / Mid-tier),"Consulting; data, cloud, Salesforce; strong local model","C2C, W2, C2H",Selective – some sponsorship
West Monroe,https://www.westmonroe.com/careers,Tier 2,IT Staffing (National / Mid-tier),"Sub-contracting to prime MSPs; app dev, data, cloud, ERP, QA","C2C, W2, C2H",Yes – commonly sponsors / transfers
Credera,https://www.credera.com/careers,Tier 2,IT Staffing (National / Mid-tier),"Sub-contracting to prime MSPs; app dev, data, cloud, ERP, QA","C2C, W2, C2H",Yes – commonly sponsors / transfers
Rightpoint,https://www.rightpoint.com/careers,Tier 2,IT Staffing (National / Mid-tier),"Sub-contracting to prime MSPs; app dev, data, cloud, ERP, QA","C2C, W2, C2H",Yes – commonly sponsors / transfers
Avanade,https://www.avanade.com/en-us/careers,Tier 1,IT Staffing (National / Mid-tier),"Sub-contracting to prime MSPs; app dev, data, cloud, ERP, QA","C2C, W2, C2H",Yes – commonly sponsors / transfers
Publicis Sapient,https://www.publicissapient.com/careers,Tier 1,IT Staffing (National / Mid-tier),"Sub-contracting to prime MSPs; app dev, data, cloud, ERP, QA","C2C, W2, C2H",Yes – commonly sponsors / transfers
Thoughtworks,https://www.thoughtworks.com/careers,Tier 1,IT Staffing (National / Mid-tier),"Sub-contracting to prime MSPs; app dev, data, cloud, ERP, QA","C2C, W2, C2H",Yes – commonly sponsors / transfers
Pariveda Solutions,https://www.parivedasolutions.com/careers,Tier 2,IT Staffing (National / Mid-tier),"Sub-contracting to prime MSPs; app dev, data, cloud, ERP, QA","C2C, W2, C2H",Yes – commonly sponsors / transfers
Improving,https://improving.com/careers,Tier 2,IT Staffing (National / Mid-tier),"Sub-contracting to prime MSPs; app dev, data, cloud, ERP, QA","C2C, W2, C2H",Yes – commonly sponsors / transfers
Unify Consulting,https://www.unifyconsulting.com/careers,Tier 2,IT Staffing (National / Mid-tier),"Sub-contracting to prime MSPs; app dev, data, cloud, ERP, QA","C2C, W2, C2H",Yes – commonly sponsors / transfers
Logic20/20,https://www.logic2020.com/careers,Tier 2,IT Staffing (National / Mid-tier),"Sub-contracting to prime MSPs; app dev, data, cloud, ERP, QA","C2C, W2, C2H",Yes – commonly sponsors / transfers
Point B,https://www.pointb.com/careers,Tier 2,IT Staffing (National / Mid-tier),"Sub-contracting to prime MSPs; app dev, data, cloud, ERP, QA","C2C, W2, C2H",Yes – commonly sponsors / transfers
Concentrix Catalyst (formerly ProKarma),https://www.concentrix.com/careers/,Tier 2,IT Staffing (National / Mid-tier),"Sub-contracting to prime MSPs; app dev, data, cloud, ERP, QA","C2C, W2, C2H",Yes – commonly sponsors / transfers
Hitachi Digital Services,https://www.hitachivantara.com/en-us/company/careers,Tier 1,IT Staffing (National / Mid-tier),"Sub-contracting to prime MSPs; app dev, data, cloud, ERP, QA","C2C, W2, C2H",Yes – commonly sponsors / transfers
3i Infotech,https://www.3i-infotech.com/careers/,Tier 3,IT Staffing (National / Mid-tier),"Sub-contracting to prime MSPs; app dev, data, cloud, ERP, QA","C2C, W2, C2H",Likely – verify per role
Emtec,https://www.emtec.com/careers,Tier 3,IT Staffing (National / Mid-tier),"Sub-contracting to prime MSPs; app dev, data, cloud, ERP, QA","C2C, W2, C2H",Likely – verify per role
CBTS,https://www.cbts.com/careers/,Tier 2,IT Staffing (National / Mid-tier),"Sub-contracting to prime MSPs; app dev, data, cloud, ERP, QA","C2C, W2, C2H",Yes – commonly sponsors / transfers
Cognizant,https://careers.cognizant.com/us/en,Tier 1,Global SI / IT Consulting,Global SI; very large H1B sponsor,"W2 (FTE), subcontract via vendors",Yes – major H1B sponsor
Infosys,https://www.infosys.com/careers/,Tier 1,Global SI / IT Consulting,Global SI; very large H1B sponsor,"W2 (FTE), subcontract via vendors",Yes – major H1B sponsor
Tata Consultancy Services (TCS),https://www.tcs.com/careers,Tier 1,Global SI / IT Consulting,Global SI; largest H1B sponsor,"W2 (FTE), subcontract via vendors",Yes – major H1B sponsor
Wipro,https://careers.wipro.com/,Tier 1,Global SI / IT Consulting,Global SI; large H1B sponsor,"W2 (FTE), subcontract via vendors",Yes – major H1B sponsor
HCLTech,https://www.hcltech.com/careers,Tier 1,Global SI / IT Consulting,Global SI; large H1B sponsor,"W2 (FTE), subcontract via vendors",Yes – major H1B sponsor
Tech Mahindra,https://careers.techmahindra.com/,Tier 1,Global SI / IT Consulting,Global SI; large H1B sponsor,"W2 (FTE), subcontract via vendors",Yes – major H1B sponsor
LTIMindtree,https://www.ltimindtree.com/careers/,Tier 1,Global SI / IT Consulting,Global SI; large H1B sponsor,"W2 (FTE), subcontract via vendors",Yes – major H1B sponsor
L&T Technology Services,https://www.ltts.com/careers,Tier 2,Global SI / IT Consulting,"Large-scale outsourcing, digital transformation, app/infra managed services","W2 (FTE), subcontract via vendors",Yes – major H1B sponsor
Capgemini,https://www.capgemini.com/careers/,Tier 1,Global SI / IT Consulting,Global SI; large H1B sponsor,"W2 (FTE), subcontract via vendors",Yes – major H1B sponsor
Accenture,https://www.accenture.com/us-en/careers,Tier 1,Global SI / IT Consulting,Global SI; large H1B sponsor,"W2 (FTE), subcontract via vendors",Yes – major H1B sponsor
Deloitte,https://apply.deloitte.com/,Tier 1,Global SI / IT Consulting,Consulting; large H1B sponsor,"W2 (FTE), subcontract via vendors",Yes – major H1B sponsor
IBM Consulting,https://www.ibm.com/careers,Tier 1,Global SI / IT Consulting,"Large-scale outsourcing, digital transformation, app/infra managed services","W2 (FTE), subcontract via vendors",Yes – major H1B sponsor
DXC Technology,https://careers.dxc.com/,Tier 1,Global SI / IT Consulting,"Large-scale outsourcing, digital transformation, app/infra managed services","W2 (FTE), subcontract via vendors",Yes – major H1B sponsor
Kyndryl,https://careers.kyndryl.com/,Tier 1,Global SI / IT Consulting,Infra managed services (ex-IBM),"W2 (FTE), subcontract via vendors",Yes – major H1B sponsor
NTT DATA,https://careers.nttdata.com/,Tier 1,Global SI / IT Consulting,"Large-scale outsourcing, digital transformation, app/infra managed services","W2 (FTE), subcontract via vendors",Yes – major H1B sponsor
Hexaware,https://hexaware.com/careers/,Tier 1,Global SI / IT Consulting,IT services; data & cloud,"W2 (FTE), subcontract via vendors",Yes – major H1B sponsor
Mphasis,https://careers.mphasis.com/,Tier 1,Global SI / IT Consulting,"IT services; BFSI, cloud","W2 (FTE), subcontract via vendors",Yes – major H1B sponsor
Virtusa,https://www.virtusa.com/careers,Tier 1,Global SI / IT Consulting,"Large-scale outsourcing, digital transformation, app/infra managed services","W2 (FTE), subcontract via vendors",Yes – major H1B sponsor
UST,https://www.ust.com/en/careers,Tier 1,Global SI / IT Consulting,"Large-scale outsourcing, digital transformation, app/infra managed services","W2 (FTE), subcontract via vendors",Yes – major H1B sponsor
Persistent Systems,https://www.persistent.com/careers/,Tier 1,Global SI / IT Consulting,Product & data engineering,"W2 (FTE), subcontract via vendors",Yes – major H1B sponsor
Zensar,https://www.zensar.com/careers,Tier 2,Global SI / IT Consulting,"Large-scale outsourcing, digital transformation, app/infra managed services","W2 (FTE), subcontract via vendors",Yes – major H1B sponsor
Coforge,https://www.coforge.com/careers,Tier 1,Global SI / IT Consulting,IT services; Snowflake & data partner,"W2 (FTE), subcontract via vendors",Yes – major H1B sponsor
Birlasoft,https://www.birlasoft.com/careers,Tier 2,Global SI / IT Consulting,"Large-scale outsourcing, digital transformation, app/infra managed services","W2 (FTE), subcontract via vendors",Yes – major H1B sponsor
Cyient,https://www.cyient.com/careers,Tier 2,Global SI / IT Consulting,"Large-scale outsourcing, digital transformation, app/infra managed services","W2 (FTE), subcontract via vendors",Yes – major H1B sponsor
KPIT,https://www.kpit.com/careers/,Tier 2,Global SI / IT Consulting,"Large-scale outsourcing, digital transformation, app/infra managed services","W2 (FTE), subcontract via vendors",Yes – major H1B sponsor
Sonata Software,https://www.sonata-software.com/careers,Tier 2,Global SI / IT Consulting,"Large-scale outsourcing, digital transformation, app/infra managed services","W2 (FTE), subcontract via vendors",Yes – major H1B sponsor
Happiest Minds,https://www.happiestminds.com/careers/,Tier 2,Global SI / IT Consulting,"Large-scale outsourcing, digital transformation, app/infra managed services","W2 (FTE), subcontract via vendors",Yes – major H1B sponsor
Mastek,https://www.mastek.com/careers,Tier 2,Global SI / IT Consulting,"Large-scale outsourcing, digital transformation, app/infra managed services","W2 (FTE), subcontract via vendors",Yes – major H1B sponsor
Atos,https://atos.net/en/careers,Tier 1,Global SI / IT Consulting,"Large-scale outsourcing, digital transformation, app/infra managed services","W2 (FTE), subcontract via vendors",Yes – major H1B sponsor
Eviden,https://eviden.com/careers/,Tier 1,Global SI / IT Consulting,"Large-scale outsourcing, digital transformation, app/infra managed services","W2 (FTE), subcontract via vendors",Yes – major H1B sponsor
CGI,https://www.cgi.com/en/careers,Tier 1,Global SI / IT Consulting,"Large-scale outsourcing, digital transformation, app/infra managed services","W2 (FTE), subcontract via vendors",Yes – major H1B sponsor
Unisys,https://www.unisys.com/careers/,Tier 1,Global SI / IT Consulting,"Large-scale outsourcing, digital transformation, app/infra managed services","W2 (FTE), subcontract via vendors",Yes – major H1B sponsor
Fujitsu Americas,https://www.fujitsu.com/us/about/careers/,Tier 2,Global SI / IT Consulting,"Large-scale outsourcing, digital transformation, app/infra managed services","W2 (FTE), subcontract via vendors",Yes – major H1B sponsor
Tata Elxsi,https://www.tataelxsi.com/careers,Tier 2,Global SI / IT Consulting,"Large-scale outsourcing, digital transformation, app/infra managed services","W2 (FTE), subcontract via vendors",Yes – major H1B sponsor
Mindteck,https://www.mindteck.com/careers,Tier 2,Global SI / IT Consulting,"Large-scale outsourcing, digital transformation, app/infra managed services","W2 (FTE), subcontract via vendors",Yes – major H1B sponsor
Kanerika,https://kanerika.com/careers/,Tier 2,Global SI / IT Consulting,"Large-scale outsourcing, digital transformation, app/infra managed services","W2 (FTE), subcontract via vendors",Yes – major H1B sponsor
Bristlecone,https://www.bristlecone.com/careers/,Tier 2,Global SI / IT Consulting,"Large-scale outsourcing, digital transformation, app/infra managed services","W2 (FTE), subcontract via vendors",Yes – major H1B sponsor
Damco Solutions,https://www.damcogroup.com/careers,Tier 2,Global SI / IT Consulting,"Large-scale outsourcing, digital transformation, app/infra managed services","W2 (FTE), subcontract via vendors",Yes – major H1B sponsor
Intellect Design Arena,https://www.intellectdesign.com/careers/,Tier 2,Global SI / IT Consulting,"Large-scale outsourcing, digital transformation, app/infra managed services","W2 (FTE), subcontract via vendors",Yes – major H1B sponsor
Sasken,https://www.sasken.com/careers,Tier 2,Global SI / IT Consulting,"Large-scale outsourcing, digital transformation, app/infra managed services","W2 (FTE), subcontract via vendors",Yes – major H1B sponsor
Ramco Systems,https://www.ramco.com/careers,Tier 2,Global SI / IT Consulting,"Large-scale outsourcing, digital transformation, app/infra managed services","W2 (FTE), subcontract via vendors",Yes – major H1B sponsor
NetSol Technologies,https://netsoltech.com/careers,Tier 2,Global SI / IT Consulting,"Large-scale outsourcing, digital transformation, app/infra managed services","W2 (FTE), subcontract via vendors",Yes – major H1B sponsor
Xebia,https://xebia.com/careers/,Tier 2,Global SI / IT Consulting,"Large-scale outsourcing, digital transformation, app/infra managed services","W2 (FTE), subcontract via vendors",Yes – major H1B sponsor
Rackspace Technology,https://www.rackspace.com/careers,Tier 1,Global SI / IT Consulting,"Large-scale outsourcing, digital transformation, app/infra managed services","W2 (FTE), subcontract via vendors",Yes – major H1B sponsor
Kainos,https://www.kainos.com/careers,Tier 2,Global SI / IT Consulting,"Large-scale outsourcing, digital transformation, app/infra managed services","W2 (FTE), subcontract via vendors",Yes – major H1B sponsor
Version 1,https://www.version1.com/careers/,Tier 2,Global SI / IT Consulting,"Large-scale outsourcing, digital transformation, app/infra managed services","W2 (FTE), subcontract via vendors",Yes – major H1B sponsor
Sopra Steria,https://www.soprasteria.com/careers,Tier 2,Global SI / IT Consulting,"Large-scale outsourcing, digital transformation, app/infra managed services","W2 (FTE), subcontract via vendors",Yes – major H1B sponsor
Tietoevry,https://www.tietoevry.com/en/careers/,Tier 2,Global SI / IT Consulting,"Large-scale outsourcing, digital transformation, app/infra managed services","W2 (FTE), subcontract via vendors",Yes – major H1B sponsor
Tredence,https://www.tredence.com/careers,Tier 1,"Data, Analytics & AI Consulting",AI/ML & data engineering; large enterprise,"W2 (FTE), some C2C via partners",Yes
Fractal Analytics,https://fractal.ai/careers/,Tier 1,"Data, Analytics & AI Consulting",AI & analytics consulting,"W2 (FTE), some C2C via partners",Yes
Mu Sigma,https://www.mu-sigma.com/careers,Tier 1,"Data, Analytics & AI Consulting","Data engineering, analytics, ML/AI, Snowflake/Databricks/dbt, BI","W2 (FTE), some C2C via partners",Yes
LatentView Analytics,https://www.latentview.com/careers/,Tier 2,"Data, Analytics & AI Consulting",Analytics & data science,"W2 (FTE), some C2C via partners",Yes
Quantiphi,https://quantiphi.com/careers/,Tier 2,"Data, Analytics & AI Consulting","AI/ML, cloud (AWS/GCP partner)","W2 (FTE), some C2C via partners",Yes
Tiger Analytics,https://www.tigeranalytics.com/careers/,Tier 1,"Data, Analytics & AI Consulting",AI/ML & advanced analytics,"W2 (FTE), some C2C via partners",Yes
Course5 Intelligence,https://www.course5i.com/careers/,Tier 2,"Data, Analytics & AI Consulting","Data engineering, analytics, ML/AI, Snowflake/Databricks/dbt, BI","W2 (FTE), some C2C via partners",Varies – many sponsor; verify
Analytics8,https://www.analytics8.com/careers/,Tier 2,"Data, Analytics & AI Consulting","Data & analytics consulting; dbt, Snowflake, Power BI","W2 (FTE), some C2C via partners",Varies – many sponsor; verify
phData,https://www.phdata.io/careers/,Tier 2,"Data, Analytics & AI Consulting","Snowflake, Databricks, dbt, ML/data platform (elite Snowflake partner)","W2 (FTE), some C2C via partners",Yes – has sponsored
Hakkoda (IBM),https://www.hakkoda.io/careers,Tier 2,"Data, Analytics & AI Consulting",Snowflake-focused data engineering & modernization,"W2 (FTE), some C2C via partners",Yes – has sponsored
Onebridge,https://onebridge.tech/careers/,Tier 2,"Data, Analytics & AI Consulting",Data engineering & analytics (Midwest),"W2 (FTE), some C2C via partners",Varies – many sponsor; verify
Bitwise,https://www.bitwiseglobal.com/careers/,Tier 2,"Data, Analytics & AI Consulting","Data warehousing, ETL, cloud migration","W2 (FTE), some C2C via partners",Yes
Saama Technologies,https://www.saama.com/careers/,Tier 2,"Data, Analytics & AI Consulting","Data engineering, analytics, ML/AI, Snowflake/Databricks/dbt, BI","W2 (FTE), some C2C via partners",Varies – many sponsor; verify
Infocepts,https://www.infocepts.com/careers/,Tier 2,"Data, Analytics & AI Consulting","Data engineering, analytics, ML/AI, Snowflake/Databricks/dbt, BI","W2 (FTE), some C2C via partners",Varies – many sponsor; verify
Datametica,https://www.datametica.com/careers/,Tier 2,"Data, Analytics & AI Consulting",Data warehouse modernization (Onix),"W2 (FTE), some C2C via partners",Yes
Qualitest,https://www.qualitestgroup.com/careers/,Tier 2,"Data, Analytics & AI Consulting","Data engineering, analytics, ML/AI, Snowflake/Databricks/dbt, BI","W2 (FTE), some C2C via partners",Varies – many sponsor; verify
Sigmoid,https://www.sigmoid.com/careers/,Tier 2,"Data, Analytics & AI Consulting","Data engineering, analytics, ML/AI, Snowflake/Databricks/dbt, BI","W2 (FTE), some C2C via partners",Varies – many sponsor; verify
Innodata,https://innodata.com/careers/,Tier 2,"Data, Analytics & AI Consulting","Data engineering, analytics, ML/AI, Snowflake/Databricks/dbt, BI","W2 (FTE), some C2C via partners",Varies – many sponsor; verify
Kasmo,https://www.kasmo.co/careers,Tier 2,"Data, Analytics & AI Consulting","Data engineering, analytics, ML/AI, Snowflake/Databricks/dbt, BI","W2 (FTE), some C2C via partners",Varies – many sponsor; verify
Systech Solutions,https://www.systechusa.com/careers,Tier 2,"Data, Analytics & AI Consulting","Data engineering, analytics, ML/AI, Snowflake/Databricks/dbt, BI","W2 (FTE), some C2C via partners",Varies – many sponsor; verify
Mastech InfoTrellis,https://www.mastechinfotrellis.com/careers,Tier 2,"Data, Analytics & AI Consulting","MDM, data engineering","W2 (FTE), some C2C via partners",Varies – many sponsor; verify
Ironside Group,https://www.ironsidegroup.com/careers/,Tier 2,"Data, Analytics & AI Consulting","Data & analytics (Power BI, Snowflake)","W2 (FTE), some C2C via partners",Varies – many sponsor; verify
EXL Service,https://www.exlservice.com/careers,Tier 1,"Data, Analytics & AI Consulting","Data engineering, analytics, ML/AI, Snowflake/Databricks/dbt, BI","W2 (FTE), some C2C via partners",Varies – many sponsor; verify
Genpact,https://www.genpact.com/careers,Tier 1,"Data, Analytics & AI Consulting","Data engineering, analytics, ML/AI, Snowflake/Databricks/dbt, BI","W2 (FTE), some C2C via partners",Varies – many sponsor; verify
WNS,https://www.wns.com/careers,Tier 1,"Data, Analytics & AI Consulting","Data engineering, analytics, ML/AI, Snowflake/Databricks/dbt, BI","W2 (FTE), some C2C via partners",Varies – many sponsor; verify
Sutherland,https://www.sutherlandglobal.com/careers,Tier 2,"Data, Analytics & AI Consulting","Data engineering, analytics, ML/AI, Snowflake/Databricks/dbt, BI","W2 (FTE), some C2C via partners",Varies – many sponsor; verify
Blend360,https://www.blend360.com/careers,Tier 2,"Data, Analytics & AI Consulting",Data science & AI staffing/consulting,"W2 (FTE), some C2C via partners",Yes
Kipi.ai,https://kipi.ai/careers/,Tier 2,"Data, Analytics & AI Consulting","Snowflake elite partner; data engineering, migrations","W2 (FTE), some C2C via partners",Varies – many sponsor; verify
Infostrux,https://www.infostrux.com/careers,Tier 2,"Data, Analytics & AI Consulting",Snowflake-only consultancy; data engineering,"W2 (FTE), some C2C via partners",Varies – many sponsor; verify
Aimpoint Digital,https://www.aimpointdigital.com/careers,Tier 2,"Data, Analytics & AI Consulting",Snowflake/Databricks analytics & AI,"W2 (FTE), some C2C via partners",Varies – many sponsor; verify
Data Clymer,https://dataclymer.com/careers/,Tier 2,"Data, Analytics & AI Consulting","Snowflake, dbt, Fivetran modern data stack","W2 (FTE), some C2C via partners",Varies – many sponsor; verify
Datalere,https://datalere.com/careers/,Tier 2,"Data, Analytics & AI Consulting","Snowflake, dbt, cloud data warehousing","W2 (FTE), some C2C via partners",Varies – many sponsor; verify
Decision Minds,https://www.decisionminds.com/careers/,Tier 2,"Data, Analytics & AI Consulting","Data engineering, analytics, ML/AI, Snowflake/Databricks/dbt, BI","W2 (FTE), some C2C via partners",Varies – many sponsor; verify
Cervello (Kearney),https://www.cervello.com/careers,Tier 2,"Data, Analytics & AI Consulting","Data engineering, analytics, ML/AI, Snowflake/Databricks/dbt, BI","W2 (FTE), some C2C via partners",Varies – many sponsor; verify
Keyrus,https://www.keyrus.com/us/en/careers,Tier 2,"Data, Analytics & AI Consulting","Data engineering, analytics, ML/AI, Snowflake/Databricks/dbt, BI","W2 (FTE), some C2C via partners",Varies – many sponsor; verify
Capax Global,https://www.capaxglobal.com/careers,Tier 2,"Data, Analytics & AI Consulting","Data engineering, analytics, ML/AI, Snowflake/Databricks/dbt, BI","W2 (FTE), some C2C via partners",Varies – many sponsor; verify
Clarkston Consulting,https://clarkstonconsulting.com/careers/,Tier 2,"Data, Analytics & AI Consulting","Data engineering, analytics, ML/AI, Snowflake/Databricks/dbt, BI","W2 (FTE), some C2C via partners",Varies – many sponsor; verify
Mathematica,https://www.mathematica.org/career-opportunities,Tier 2,"Data, Analytics & AI Consulting","Data engineering, analytics, ML/AI, Snowflake/Databricks/dbt, BI","W2 (FTE), some C2C via partners",Varies – many sponsor; verify
Elder Research,https://www.elderresearch.com/careers/,Tier 2,"Data, Analytics & AI Consulting","Data engineering, analytics, ML/AI, Snowflake/Databricks/dbt, BI","W2 (FTE), some C2C via partners",Varies – many sponsor; verify
Pandata,https://pandata.co/careers/,Tier 2,"Data, Analytics & AI Consulting","Data engineering, analytics, ML/AI, Snowflake/Databricks/dbt, BI","W2 (FTE), some C2C via partners",Varies – many sponsor; verify
Excelerate,https://excelerate.ai/careers/,Tier 2,"Data, Analytics & AI Consulting","Data engineering, analytics, ML/AI, Snowflake/Databricks/dbt, BI","W2 (FTE), some C2C via partners",Varies – many sponsor; verify
Lovelytics,https://www.lovelytics.com/careers,Tier 2,"Data, Analytics & AI Consulting",Databricks & data science consulting,"W2 (FTE), some C2C via partners",Varies – many sponsor; verify
Infoverity,https://www.infoverity.com/careers/,Tier 2,"Data, Analytics & AI Consulting","Data engineering, analytics, ML/AI, Snowflake/Databricks/dbt, BI","W2 (FTE), some C2C via partners",Varies – many sponsor; verify
Passionate Data,https://www.passionatedata.com/careers,Tier 2,"Data, Analytics & AI Consulting","Data engineering, analytics, ML/AI, Snowflake/Databricks/dbt, BI","W2 (FTE), some C2C via partners",Varies – many sponsor; verify
Impact Advisors,https://www.impact-advisors.com/careers/,Tier 2,"Data, Analytics & AI Consulting","Data engineering, analytics, ML/AI, Snowflake/Databricks/dbt, BI","W2 (FTE), some C2C via partners",Varies – many sponsor; verify
KPMG Lighthouse,https://kpmg.com/us/en/careers-and-culture.html,Tier 1,"Data, Analytics & AI Consulting","Data engineering, analytics, ML/AI, Snowflake/Databricks/dbt, BI","W2 (FTE), some C2C via partners",Varies – many sponsor; verify
EY,https://www.ey.com/en_us/careers,Tier 1,"Data, Analytics & AI Consulting","Data engineering, analytics, ML/AI, Snowflake/Databricks/dbt, BI","W2 (FTE), some C2C via partners",Varies – many sponsor; verify
PwC,https://www.pwc.com/us/en/careers.html,Tier 1,"Data, Analytics & AI Consulting","Data engineering, analytics, ML/AI, Snowflake/Databricks/dbt, BI","W2 (FTE), some C2C via partners",Varies – many sponsor; verify
Protiviti,https://www.protiviti.com/us-en/careers,Tier 1,"Data, Analytics & AI Consulting","Data engineering, analytics, ML/AI, Snowflake/Databricks/dbt, BI","W2 (FTE), some C2C via partners",Varies – many sponsor; verify
RSM US,https://rsmus.com/careers.html,Tier 1,"Data, Analytics & AI Consulting","Data engineering, analytics, ML/AI, Snowflake/Databricks/dbt, BI","W2 (FTE), some C2C via partners",Varies – many sponsor; verify
BDO USA,https://www.bdo.com/careers,Tier 2,"Data, Analytics & AI Consulting","Data engineering, analytics, ML/AI, Snowflake/Databricks/dbt, BI","W2 (FTE), some C2C via partners",Varies – many sponsor; verify
Grant Thornton,https://www.grantthornton.com/careers,Tier 2,"Data, Analytics & AI Consulting","Data engineering, analytics, ML/AI, Snowflake/Databricks/dbt, BI","W2 (FTE), some C2C via partners",Varies – many sponsor; verify
Crowe,https://www.crowe.com/careers,Tier 2,"Data, Analytics & AI Consulting","Data engineering, analytics, ML/AI, Snowflake/Databricks/dbt, BI","W2 (FTE), some C2C via partners",Varies – many sponsor; verify
Baker Tilly,https://www.bakertilly.com/careers,Tier 2,"Data, Analytics & AI Consulting","Data engineering, analytics, ML/AI, Snowflake/Databricks/dbt, BI","W2 (FTE), some C2C via partners",Varies – many sponsor; verify
Sikich,https://www.sikich.com/careers/,Tier 2,"Data, Analytics & AI Consulting","Data engineering, analytics, ML/AI, Snowflake/Databricks/dbt, BI","W2 (FTE), some C2C via partners",Varies – many sponsor; verify
Armanino,https://www.armanino.com/careers/,Tier 2,"Data, Analytics & AI Consulting","Data engineering, analytics, ML/AI, Snowflake/Databricks/dbt, BI","W2 (FTE), some C2C via partners",Varies – many sponsor; verify
Wipfli,https://www.wipfli.com/careers,Tier 2,"Data, Analytics & AI Consulting","Data engineering, analytics, ML/AI, Snowflake/Databricks/dbt, BI","W2 (FTE), some C2C via partners",Varies – many sponsor; verify
CBIZ,https://www.cbiz.com/careers,Tier 2,"Data, Analytics & AI Consulting","Data engineering, analytics, ML/AI, Snowflake/Databricks/dbt, BI","W2 (FTE), some C2C via partners",Varies – many sponsor; verify
Huron Consulting Group,https://www.huronconsultinggroup.com/careers,Tier 1,"Data, Analytics & AI Consulting","Data engineering, analytics, ML/AI, Snowflake/Databricks/dbt, BI","W2 (FTE), some C2C via partners",Varies – many sponsor; verify
Guidehouse,https://guidehouse.com/careers,Tier 1,"Data, Analytics & AI Consulting","Data engineering, analytics, ML/AI, Snowflake/Databricks/dbt, BI","W2 (FTE), some C2C via partners",Varies – many sponsor; verify
ICF,https://www.icf.com/careers,Tier 1,"Data, Analytics & AI Consulting","Data engineering, analytics, ML/AI, Snowflake/Databricks/dbt, BI","W2 (FTE), some C2C via partners",Varies – many sponsor; verify
FTI Consulting,https://www.fticonsulting.com/careers,Tier 2,"Data, Analytics & AI Consulting","Data engineering, analytics, ML/AI, Snowflake/Databricks/dbt, BI","W2 (FTE), some C2C via partners",Varies – many sponsor; verify
Alvarez & Marsal,https://www.alvarezandmarsal.com/careers,Tier 2,"Data, Analytics & AI Consulting","Data engineering, analytics, ML/AI, Snowflake/Databricks/dbt, BI","W2 (FTE), some C2C via partners",Varies – many sponsor; verify
AlixPartners,https://www.alixpartners.com/careers/,Tier 2,"Data, Analytics & AI Consulting","Data engineering, analytics, ML/AI, Snowflake/Databricks/dbt, BI","W2 (FTE), some C2C via partners",Varies – many sponsor; verify
Ankura,https://ankura.com/careers/,Tier 2,"Data, Analytics & AI Consulting","Data engineering, analytics, ML/AI, Snowflake/Databricks/dbt, BI","W2 (FTE), some C2C via partners",Varies – many sponsor; verify
Kearney,https://www.kearney.com/careers,Tier 2,"Data, Analytics & AI Consulting","Data engineering, analytics, ML/AI, Snowflake/Databricks/dbt, BI","W2 (FTE), some C2C via partners",Varies – many sponsor; verify
Oliver Wyman,https://www.oliverwyman.com/careers.html,Tier 2,"Data, Analytics & AI Consulting","Data engineering, analytics, ML/AI, Snowflake/Databricks/dbt, BI","W2 (FTE), some C2C via partners",Varies – many sponsor; verify
AHEAD,https://www.ahead.com/careers/,Tier 2,"Cloud, Infrastructure & Security","Cloud, DevOps, platform engineering","W2 (FTE), some contract",Varies – verify
Presidio,https://www.presidio.com/careers/,Tier 1,"Cloud, Infrastructure & Security","Cloud (AWS/Azure/GCP), DevOps, networking, cybersecurity, managed services","W2 (FTE), some contract",Varies – verify
World Wide Technology (WWT),https://www.wwt.com/careers,Tier 1,"Cloud, Infrastructure & Security","Cloud (AWS/Azure/GCP), DevOps, networking, cybersecurity, managed services","W2 (FTE), some contract",Varies – verify
CDW,https://www.cdw.com/content/cdw/en/careers.html,Tier 1,"Cloud, Infrastructure & Security","Cloud (AWS/Azure/GCP), DevOps, networking, cybersecurity, managed services","W2 (FTE), some contract",Varies – verify
Insight Enterprises,https://www.insight.com/en_US/about/careers.html,Tier 1,"Cloud, Infrastructure & Security","Cloud (AWS/Azure/GCP), DevOps, networking, cybersecurity, managed services","W2 (FTE), some contract",Varies – verify
SHI International,https://www.shi.com/careers,Tier 1,"Cloud, Infrastructure & Security","Cloud (AWS/Azure/GCP), DevOps, networking, cybersecurity, managed services","W2 (FTE), some contract",Varies – verify
Optiv,https://www.optiv.com/careers,Tier 1,"Cloud, Infrastructure & Security",Cybersecurity services,"W2 (FTE), some contract",Varies – verify
Converge Technology Solutions,https://convergetp.com/careers/,Tier 2,"Cloud, Infrastructure & Security","Cloud (AWS/Azure/GCP), DevOps, networking, cybersecurity, managed services","W2 (FTE), some contract",Varies – verify
Effectual,https://effectual.com/careers/,Tier 2,"Cloud, Infrastructure & Security",AWS cloud modernization,"W2 (FTE), some contract",Varies – verify
Caylent,https://caylent.com/careers,Tier 2,"Cloud, Infrastructure & Security",AWS cloud native & data,"W2 (FTE), some contract",Varies – verify
Mission Cloud,https://www.missioncloud.com/careers,Tier 2,"Cloud, Infrastructure & Security",AWS managed services & data,"W2 (FTE), some contract",Varies – verify
2nd Watch,https://www.2ndwatch.com/careers/,Tier 2,"Cloud, Infrastructure & Security",Cloud (AWS/Azure) & data,"W2 (FTE), some contract",Varies – verify
Logicworks,https://www.logicworks.com/careers/,Tier 2,"Cloud, Infrastructure & Security","Cloud (AWS/Azure/GCP), DevOps, networking, cybersecurity, managed services","W2 (FTE), some contract",Varies – verify
DoiT International,https://www.doit.com/careers/,Tier 2,"Cloud, Infrastructure & Security","Cloud FinOps, GCP/AWS","W2 (FTE), some contract",Varies – verify
Contino,https://www.contino.io/careers,Tier 2,"Cloud, Infrastructure & Security","Cloud (AWS/Azure/GCP), DevOps, networking, cybersecurity, managed services","W2 (FTE), some contract",Varies – verify
Onica (Rackspace),https://www.onica.com/careers/,Tier 2,"Cloud, Infrastructure & Security","Cloud (AWS/Azure/GCP), DevOps, networking, cybersecurity, managed services","W2 (FTE), some contract",Varies – verify
Cloudreach (Eviden),https://www.cloudreach.com/en/careers/,Tier 2,"Cloud, Infrastructure & Security","Cloud (AWS/Azure/GCP), DevOps, networking, cybersecurity, managed services","W2 (FTE), some contract",Varies – verify
SADA (Insight),https://sada.com/careers/,Tier 2,"Cloud, Infrastructure & Security","Cloud (AWS/Azure/GCP), DevOps, networking, cybersecurity, managed services","W2 (FTE), some contract",Varies – verify
66degrees,https://66degrees.com/careers/,Tier 2,"Cloud, Infrastructure & Security","Cloud (AWS/Azure/GCP), DevOps, networking, cybersecurity, managed services","W2 (FTE), some contract",Varies – verify
Pythian,https://www.pythian.com/careers,Tier 2,"Cloud, Infrastructure & Security",Database & cloud data engineering managed services,"W2 (FTE), some contract",Varies – verify
Taos (IBM),https://www.taos.com/careers/,Tier 2,"Cloud, Infrastructure & Security","Cloud (AWS/Azure/GCP), DevOps, networking, cybersecurity, managed services","W2 (FTE), some contract",Varies – verify
Vandis,https://www.vandis.com/careers/,Tier 2,"Cloud, Infrastructure & Security","Cloud (AWS/Azure/GCP), DevOps, networking, cybersecurity, managed services","W2 (FTE), some contract",Varies – verify
GuidePoint Security,https://www.guidepointsecurity.com/careers/,Tier 2,"Cloud, Infrastructure & Security",Cybersecurity services,"W2 (FTE), some contract",Varies – verify
Coalfire,https://www.coalfire.com/careers,Tier 2,"Cloud, Infrastructure & Security","Cloud (AWS/Azure/GCP), DevOps, networking, cybersecurity, managed services","W2 (FTE), some contract",Varies – verify
Trustwave,https://www.trustwave.com/en-us/company/careers/,Tier 2,"Cloud, Infrastructure & Security","Cloud (AWS/Azure/GCP), DevOps, networking, cybersecurity, managed services","W2 (FTE), some contract",Varies – verify
Secureworks,https://www.secureworks.com/careers,Tier 2,"Cloud, Infrastructure & Security","Cloud (AWS/Azure/GCP), DevOps, networking, cybersecurity, managed services","W2 (FTE), some contract",Varies – verify
Cyderes,https://www.cyderes.com/careers,Tier 2,"Cloud, Infrastructure & Security","Cloud (AWS/Azure/GCP), DevOps, networking, cybersecurity, managed services","W2 (FTE), some contract",Varies – verify
NetSPI,https://www.netspi.com/careers/,Tier 2,"Cloud, Infrastructure & Security","Cloud (AWS/Azure/GCP), DevOps, networking, cybersecurity, managed services","W2 (FTE), some contract",Varies – verify
Kudelski Security,https://kudelskisecurity.com/careers/,Tier 2,"Cloud, Infrastructure & Security","Cloud (AWS/Azure/GCP), DevOps, networking, cybersecurity, managed services","W2 (FTE), some contract",Varies – verify
Sayers,https://www.sayers.com/careers/,Tier 2,"Cloud, Infrastructure & Security","Cloud (AWS/Azure/GCP), DevOps, networking, cybersecurity, managed services","W2 (FTE), some contract",Varies – verify
Lighthouse Technology Services,https://www.lighthousetechnologyservices.com/careers/,Tier 2,"Cloud, Infrastructure & Security","Cloud (AWS/Azure/GCP), DevOps, networking, cybersecurity, managed services","W2 (FTE), some contract",Varies – verify
Evolving Solutions,https://www.evolvingsol.com/careers/,Tier 2,"Cloud, Infrastructure & Security","Cloud (AWS/Azure/GCP), DevOps, networking, cybersecurity, managed services","W2 (FTE), some contract",Varies – verify
Flexential,https://www.flexential.com/careers,Tier 2,"Cloud, Infrastructure & Security","Cloud (AWS/Azure/GCP), DevOps, networking, cybersecurity, managed services","W2 (FTE), some contract",Varies – verify
Navisite,https://www.navisite.com/careers/,Tier 2,"Cloud, Infrastructure & Security","Cloud (AWS/Azure/GCP), DevOps, networking, cybersecurity, managed services","W2 (FTE), some contract",Varies – verify
Synoptek,https://synoptek.com/careers/,Tier 2,"Cloud, Infrastructure & Security","Cloud (AWS/Azure/GCP), DevOps, networking, cybersecurity, managed services","W2 (FTE), some contract",Varies – verify
Coretelligent,https://www.coretelligent.com/careers/,Tier 2,"Cloud, Infrastructure & Security","Cloud (AWS/Azure/GCP), DevOps, networking, cybersecurity, managed services","W2 (FTE), some contract",Varies – verify
Dataprise,https://www.dataprise.com/careers/,Tier 2,"Cloud, Infrastructure & Security","Cloud (AWS/Azure/GCP), DevOps, networking, cybersecurity, managed services","W2 (FTE), some contract",Varies – verify
Ntiva,https://www.ntiva.com/careers,Tier 2,"Cloud, Infrastructure & Security","Cloud (AWS/Azure/GCP), DevOps, networking, cybersecurity, managed services","W2 (FTE), some contract",Varies – verify
Thrive,https://thrivenextgen.com/careers/,Tier 2,"Cloud, Infrastructure & Security","Cloud (AWS/Azure/GCP), DevOps, networking, cybersecurity, managed services","W2 (FTE), some contract",Varies – verify
Ensono,https://www.ensono.com/careers/,Tier 2,"Cloud, Infrastructure & Security","Cloud (AWS/Azure/GCP), DevOps, networking, cybersecurity, managed services","W2 (FTE), some contract",Varies – verify
Zones,https://www.zones.com/site/content/company/careers.html,Tier 2,"Cloud, Infrastructure & Security","Cloud (AWS/Azure/GCP), DevOps, networking, cybersecurity, managed services","W2 (FTE), some contract",Varies – verify
Connection,https://www.connection.com/about-us/careers,Tier 2,"Cloud, Infrastructure & Security","Cloud (AWS/Azure/GCP), DevOps, networking, cybersecurity, managed services","W2 (FTE), some contract",Varies – verify
ePlus,https://www.eplus.com/careers,Tier 2,"Cloud, Infrastructure & Security","Cloud (AWS/Azure/GCP), DevOps, networking, cybersecurity, managed services","W2 (FTE), some contract",Varies – verify
Myriad360,https://www.myriad360.com/careers/,Tier 2,"Cloud, Infrastructure & Security","Cloud (AWS/Azure/GCP), DevOps, networking, cybersecurity, managed services","W2 (FTE), some contract",Varies – verify
Redapt,https://www.redapt.com/careers,Tier 2,"Cloud, Infrastructure & Security","Cloud (AWS/Azure/GCP), DevOps, networking, cybersecurity, managed services","W2 (FTE), some contract",Varies – verify
Burwood Group,https://www.burwood.com/careers,Tier 2,"Cloud, Infrastructure & Security","Cloud (AWS/Azure/GCP), DevOps, networking, cybersecurity, managed services","W2 (FTE), some contract",Varies – verify
Rizing (Wipro),https://rizing.com/careers/,Tier 2,Enterprise Apps & Digital (SAP/Oracle/Workday/ServiceNow/Salesforce),"ERP/CRM/HCM implementations, digital experience, integration","W2 (FTE), C2C via sub-vendors",Varies – many sponsor; verify
Syntax,https://www.syntax.com/careers/,Tier 2,Enterprise Apps & Digital (SAP/Oracle/Workday/ServiceNow/Salesforce),"ERP/CRM/HCM implementations, digital experience, integration","W2 (FTE), C2C via sub-vendors",Varies – many sponsor; verify
Apps Associates,https://www.appsassociates.com/careers,Tier 2,Enterprise Apps & Digital (SAP/Oracle/Workday/ServiceNow/Salesforce),"ERP/CRM/HCM implementations, digital experience, integration","W2 (FTE), C2C via sub-vendors",Varies – many sponsor; verify
Peloton Consulting Group,https://www.pelotongroup.com/careers/,Tier 2,Enterprise Apps & Digital (SAP/Oracle/Workday/ServiceNow/Salesforce),"ERP/CRM/HCM implementations, digital experience, integration","W2 (FTE), C2C via sub-vendors",Varies – many sponsor; verify
Inspirage (Accenture),https://www.inspirage.com/careers/,Tier 2,Enterprise Apps & Digital (SAP/Oracle/Workday/ServiceNow/Salesforce),"ERP/CRM/HCM implementations, digital experience, integration","W2 (FTE), C2C via sub-vendors",Varies – many sponsor; verify
Argano,https://argano.com/careers/,Tier 2,Enterprise Apps & Digital (SAP/Oracle/Workday/ServiceNow/Salesforce),"ERP/CRM/HCM implementations, digital experience, integration","W2 (FTE), C2C via sub-vendors",Varies – many sponsor; verify
Alight Solutions,https://careers.alight.com/,Tier 1,Enterprise Apps & Digital (SAP/Oracle/Workday/ServiceNow/Salesforce),"ERP/CRM/HCM implementations, digital experience, integration","W2 (FTE), C2C via sub-vendors",Varies – many sponsor; verify
OneSource Virtual,https://www.onesourcevirtual.com/careers,Tier 2,Enterprise Apps & Digital (SAP/Oracle/Workday/ServiceNow/Salesforce),"ERP/CRM/HCM implementations, digital experience, integration","W2 (FTE), C2C via sub-vendors",Varies – many sponsor; verify
Collaborative Solutions (Cognizant),https://www.collaborativesolutions.com/careers,Tier 2,Enterprise Apps & Digital (SAP/Oracle/Workday/ServiceNow/Salesforce),"ERP/CRM/HCM implementations, digital experience, integration","W2 (FTE), C2C via sub-vendors",Varies – many sponsor; verify
Kognitiv,https://www.kognitivinc.com/careers,Tier 2,Enterprise Apps & Digital (SAP/Oracle/Workday/ServiceNow/Salesforce),"ERP/CRM/HCM implementations, digital experience, integration","W2 (FTE), C2C via sub-vendors",Varies – many sponsor; verify
Invisory,https://invisory.com/careers/,Tier 2,Enterprise Apps & Digital (SAP/Oracle/Workday/ServiceNow/Salesforce),"ERP/CRM/HCM implementations, digital experience, integration","W2 (FTE), C2C via sub-vendors",Varies – many sponsor; verify
Thirdera (Cognizant),https://www.thirdera.com/careers,Tier 2,Enterprise Apps & Digital (SAP/Oracle/Workday/ServiceNow/Salesforce),"ERP/CRM/HCM implementations, digital experience, integration","W2 (FTE), C2C via sub-vendors",Varies – many sponsor; verify
GlideFast Consulting,https://www.glidefast.com/careers,Tier 2,Enterprise Apps & Digital (SAP/Oracle/Workday/ServiceNow/Salesforce),"ERP/CRM/HCM implementations, digital experience, integration","W2 (FTE), C2C via sub-vendors",Varies – many sponsor; verify
Acorio (NTT DATA),https://www.acorio.com/careers/,Tier 2,Enterprise Apps & Digital (SAP/Oracle/Workday/ServiceNow/Salesforce),"ERP/CRM/HCM implementations, digital experience, integration","W2 (FTE), C2C via sub-vendors",Varies – many sponsor; verify
Crossfuze,https://www.crossfuze.com/careers,Tier 2,Enterprise Apps & Digital (SAP/Oracle/Workday/ServiceNow/Salesforce),"ERP/CRM/HCM implementations, digital experience, integration","W2 (FTE), C2C via sub-vendors",Varies – many sponsor; verify
Milestone Technologies,https://www.milestone.tech/careers/,Tier 2,Enterprise Apps & Digital (SAP/Oracle/Workday/ServiceNow/Salesforce),"ERP/CRM/HCM implementations, digital experience, integration","W2 (FTE), C2C via sub-vendors",Varies – many sponsor; verify
Silverline (Mphasis),https://silverlinecrm.com/careers/,Tier 2,Enterprise Apps & Digital (SAP/Oracle/Workday/ServiceNow/Salesforce),"ERP/CRM/HCM implementations, digital experience, integration","W2 (FTE), C2C via sub-vendors",Varies – many sponsor; verify
Simplus (Infosys),https://www.simplus.com/careers/,Tier 2,Enterprise Apps & Digital (SAP/Oracle/Workday/ServiceNow/Salesforce),"ERP/CRM/HCM implementations, digital experience, integration","W2 (FTE), C2C via sub-vendors",Varies – many sponsor; verify
Bluewolf (IBM),https://www.bluewolf.com/careers,Tier 2,Enterprise Apps & Digital (SAP/Oracle/Workday/ServiceNow/Salesforce),"ERP/CRM/HCM implementations, digital experience, integration","W2 (FTE), C2C via sub-vendors",Varies – many sponsor; verify
Coastal Cloud,https://coastalcloud.us/careers/,Tier 2,Enterprise Apps & Digital (SAP/Oracle/Workday/ServiceNow/Salesforce),"ERP/CRM/HCM implementations, digital experience, integration","W2 (FTE), C2C via sub-vendors",Varies – many sponsor; verify
Plative,https://plative.com/careers/,Tier 2,Enterprise Apps & Digital (SAP/Oracle/Workday/ServiceNow/Salesforce),"ERP/CRM/HCM implementations, digital experience, integration","W2 (FTE), C2C via sub-vendors",Varies – many sponsor; verify
NeuraFlash,https://www.neuraflash.com/careers,Tier 2,Enterprise Apps & Digital (SAP/Oracle/Workday/ServiceNow/Salesforce),"ERP/CRM/HCM implementations, digital experience, integration","W2 (FTE), C2C via sub-vendors",Varies – many sponsor; verify
Vention,https://ventionteams.com/careers,Tier 2,Enterprise Apps & Digital (SAP/Oracle/Workday/ServiceNow/Salesforce),"ERP/CRM/HCM implementations, digital experience, integration","W2 (FTE), C2C via sub-vendors",Varies – many sponsor; verify
Zaelab,https://zaelab.com/careers/,Tier 2,Enterprise Apps & Digital (SAP/Oracle/Workday/ServiceNow/Salesforce),"ERP/CRM/HCM implementations, digital experience, integration","W2 (FTE), C2C via sub-vendors",Varies – many sponsor; verify
Bounteous,https://www.bounteous.com/careers,Tier 1,Enterprise Apps & Digital (SAP/Oracle/Workday/ServiceNow/Salesforce),"ERP/CRM/HCM implementations, digital experience, integration","W2 (FTE), C2C via sub-vendors",Varies – many sponsor; verify
Hero Digital,https://herodigital.com/careers/,Tier 2,Enterprise Apps & Digital (SAP/Oracle/Workday/ServiceNow/Salesforce),"ERP/CRM/HCM implementations, digital experience, integration","W2 (FTE), C2C via sub-vendors",Varies – many sponsor; verify
Valtech,https://www.valtech.com/careers/,Tier 1,Enterprise Apps & Digital (SAP/Oracle/Workday/ServiceNow/Salesforce),"ERP/CRM/HCM implementations, digital experience, integration","W2 (FTE), C2C via sub-vendors",Varies – many sponsor; verify
Merkle,https://www.merkle.com/en/careers.html,Tier 1,Enterprise Apps & Digital (SAP/Oracle/Workday/ServiceNow/Salesforce),"ERP/CRM/HCM implementations, digital experience, integration","W2 (FTE), C2C via sub-vendors",Varies – many sponsor; verify
Wunderman Thompson,https://www.wundermanthompson.com/careers,Tier 2,Enterprise Apps & Digital (SAP/Oracle/Workday/ServiceNow/Salesforce),"ERP/CRM/HCM implementations, digital experience, integration","W2 (FTE), C2C via sub-vendors",Varies – many sponsor; verify
Isobar (Dentsu),https://www.dentsu.com/careers,Tier 2,Enterprise Apps & Digital (SAP/Oracle/Workday/ServiceNow/Salesforce),"ERP/CRM/HCM implementations, digital experience, integration","W2 (FTE), C2C via sub-vendors",Varies – many sponsor; verify
Huge,https://www.hugeinc.com/careers/,Tier 2,Enterprise Apps & Digital (SAP/Oracle/Workday/ServiceNow/Salesforce),"ERP/CRM/HCM implementations, digital experience, integration","W2 (FTE), C2C via sub-vendors",Varies – many sponsor; verify
Method,https://www.method.com/careers/,Tier 2,Enterprise Apps & Digital (SAP/Oracle/Workday/ServiceNow/Salesforce),"ERP/CRM/HCM implementations, digital experience, integration","W2 (FTE), C2C via sub-vendors",Varies – many sponsor; verify
Kin + Carta,https://www.kinandcarta.com/en/careers/,Tier 2,Enterprise Apps & Digital (SAP/Oracle/Workday/ServiceNow/Salesforce),"ERP/CRM/HCM implementations, digital experience, integration","W2 (FTE), C2C via sub-vendors",Varies – many sponsor; verify
Mobiquity (Hexaware),https://www.mobiquity.com/careers,Tier 2,Enterprise Apps & Digital (SAP/Oracle/Workday/ServiceNow/Salesforce),"ERP/CRM/HCM implementations, digital experience, integration","W2 (FTE), C2C via sub-vendors",Varies – many sponsor; verify
WillowTree (TELUS Digital),https://www.willowtreeapps.com/careers,Tier 2,Enterprise Apps & Digital (SAP/Oracle/Workday/ServiceNow/Salesforce),"ERP/CRM/HCM implementations, digital experience, integration","W2 (FTE), C2C via sub-vendors",Varies – many sponsor; verify
Leidos,https://careers.leidos.com/,Tier 1,Federal / Public Sector IT,Federal IT & defense; cleared roles,W2 (FTE/contract),Rarely – US citizenship / clearance often required
SAIC,https://jobs.saic.com/,Tier 1,Federal / Public Sector IT,Federal IT; cleared roles,W2 (FTE/contract),Rarely – US citizenship / clearance often required
Booz Allen Hamilton,https://careers.boozallen.com/,Tier 1,Federal / Public Sector IT,Federal consulting; cleared roles,W2 (FTE/contract),Rarely – US citizenship / clearance often required
CACI,https://careers.caci.com/,Tier 1,Federal / Public Sector IT,"Government IT, defense, civilian agencies, cleared roles",W2 (FTE/contract),Rarely – US citizenship / clearance often required
ManTech,https://www.mantech.com/careers,Tier 1,Federal / Public Sector IT,"Government IT, defense, civilian agencies, cleared roles",W2 (FTE/contract),Rarely – US citizenship / clearance often required
General Dynamics IT (GDIT),https://www.gdit.com/careers/,Tier 1,Federal / Public Sector IT,"Government IT, defense, civilian agencies, cleared roles",W2 (FTE/contract),Rarely – US citizenship / clearance often required
Peraton,https://careers.peraton.com/,Tier 1,Federal / Public Sector IT,"Government IT, defense, civilian agencies, cleared roles",W2 (FTE/contract),Rarely – US citizenship / clearance often required
Maximus,https://maximus.com/careers,Tier 1,Federal / Public Sector IT,"Government IT, defense, civilian agencies, cleared roles",W2 (FTE/contract),Rarely – US citizenship / clearance often required
Accenture Federal Services,https://www.accenture.com/us-en/careers/local/federal-services,Tier 1,Federal / Public Sector IT,"Government IT, defense, civilian agencies, cleared roles",W2 (FTE/contract),Rarely – US citizenship / clearance often required
BAE Systems Inc,https://jobs.baesystems.com/global/en,Tier 1,Federal / Public Sector IT,"Government IT, defense, civilian agencies, cleared roles",W2 (FTE/contract),Rarely – US citizenship / clearance often required
Parsons,https://www.parsons.com/careers/,Tier 1,Federal / Public Sector IT,"Government IT, defense, civilian agencies, cleared roles",W2 (FTE/contract),Rarely – US citizenship / clearance often required
Jacobs,https://careers.jacobs.com/,Tier 1,Federal / Public Sector IT,"Government IT, defense, civilian agencies, cleared roles",W2 (FTE/contract),Rarely – US citizenship / clearance often required
Amentum,https://www.amentumcareers.com/,Tier 1,Federal / Public Sector IT,"Government IT, defense, civilian agencies, cleared roles",W2 (FTE/contract),Rarely – US citizenship / clearance often required
KBR,https://careers.kbr.com/,Tier 1,Federal / Public Sector IT,"Government IT, defense, civilian agencies, cleared roles",W2 (FTE/contract),Rarely – US citizenship / clearance often required
V2X,https://careers.gov2x.com/,Tier 2,Federal / Public Sector IT,"Government IT, defense, civilian agencies, cleared roles",W2 (FTE/contract),Rarely – US citizenship / clearance often required
Serco Inc,https://www.serco.com/na/careers,Tier 2,Federal / Public Sector IT,"Government IT, defense, civilian agencies, cleared roles",W2 (FTE/contract),Rarely – US citizenship / clearance often required
ASRC Federal,https://www.asrcfederal.com/careers/,Tier 2,Federal / Public Sector IT,"Government IT, defense, civilian agencies, cleared roles",W2 (FTE/contract),Rarely – US citizenship / clearance often required
Akima,https://www.akima.com/careers/,Tier 2,Federal / Public Sector IT,"Government IT, defense, civilian agencies, cleared roles",W2 (FTE/contract),Rarely – US citizenship / clearance often required
Chenega Corporation,https://www.chenega.com/careers/,Tier 2,Federal / Public Sector IT,"Government IT, defense, civilian agencies, cleared roles",W2 (FTE/contract),Rarely – US citizenship / clearance often required
Sev1Tech,https://www.sev1tech.com/careers,Tier 2,Federal / Public Sector IT,"Government IT, defense, civilian agencies, cleared roles",W2 (FTE/contract),Rarely – US citizenship / clearance often required
Empower AI (formerly NCI),https://www.empower.ai/careers,Tier 2,Federal / Public Sector IT,"Government IT, defense, civilian agencies, cleared roles",W2 (FTE/contract),Rarely – US citizenship / clearance often required
DLH Corporation,https://www.dlhcorp.com/careers/,Tier 2,Federal / Public Sector IT,"Government IT, defense, civilian agencies, cleared roles",W2 (FTE/contract),Rarely – US citizenship / clearance often required
Cognosante,https://www.cognosante.com/careers/,Tier 2,Federal / Public Sector IT,"Government IT, defense, civilian agencies, cleared roles",W2 (FTE/contract),Rarely – US citizenship / clearance often required
NetImpact Strategies,https://www.netimpactstrategies.com/careers,Tier 2,Federal / Public Sector IT,"Government IT, defense, civilian agencies, cleared roles",W2 (FTE/contract),Rarely – US citizenship / clearance often required
REI Systems,https://www.reisystems.com/careers/,Tier 2,Federal / Public Sector IT,"Government IT, defense, civilian agencies, cleared roles",W2 (FTE/contract),Rarely – US citizenship / clearance often required
Steampunk,https://www.steampunk.com/careers,Tier 2,Federal / Public Sector IT,"Government IT, defense, civilian agencies, cleared roles",W2 (FTE/contract),Rarely – US citizenship / clearance often required
Excella,https://www.excella.com/careers,Tier 2,Federal / Public Sector IT,"Government IT, defense, civilian agencies, cleared roles",W2 (FTE/contract),Rarely – US citizenship / clearance often required
Ad Hoc,https://adhoc.team/careers/,Tier 2,Federal / Public Sector IT,"Government IT, defense, civilian agencies, cleared roles",W2 (FTE/contract),Rarely – US citizenship / clearance often required
Nava PBC,https://www.navapbc.com/careers,Tier 2,Federal / Public Sector IT,"Government IT, defense, civilian agencies, cleared roles",W2 (FTE/contract),Rarely – US citizenship / clearance often required
Fearless,https://fearless.tech/careers,Tier 2,Federal / Public Sector IT,"Government IT, defense, civilian agencies, cleared roles",W2 (FTE/contract),Rarely – US citizenship / clearance often required
Flexion,https://flexion.us/careers/,Tier 2,Federal / Public Sector IT,"Government IT, defense, civilian agencies, cleared roles",W2 (FTE/contract),Rarely – US citizenship / clearance often required
Bixal,https://www.bixal.com/careers,Tier 2,Federal / Public Sector IT,"Government IT, defense, civilian agencies, cleared roles",W2 (FTE/contract),Rarely – US citizenship / clearance often required
Coforma,https://coforma.io/careers,Tier 2,Federal / Public Sector IT,"Government IT, defense, civilian agencies, cleared roles",W2 (FTE/contract),Rarely – US citizenship / clearance often required
Sparksoft,https://sparksoftcorp.com/careers/,Tier 2,Federal / Public Sector IT,"Government IT, defense, civilian agencies, cleared roles",W2 (FTE/contract),Rarely – US citizenship / clearance often required
Softrams,https://www.softrams.com/careers,Tier 2,Federal / Public Sector IT,"Government IT, defense, civilian agencies, cleared roles",W2 (FTE/contract),Rarely – US citizenship / clearance often required
TISTA Science and Technology,https://www.tista.com/careers/,Tier 2,Federal / Public Sector IT,"Government IT, defense, civilian agencies, cleared roles",W2 (FTE/contract),Rarely – US citizenship / clearance often required
Alpha Omega,https://www.alphaomega.com/careers,Tier 2,Federal / Public Sector IT,"Government IT, defense, civilian agencies, cleared roles",W2 (FTE/contract),Rarely – US citizenship / clearance often required
MetroStar,https://www.metrostar.com/careers/,Tier 2,Federal / Public Sector IT,"Government IT, defense, civilian agencies, cleared roles",W2 (FTE/contract),Rarely – US citizenship / clearance often required
A-TEK,https://www.a-tek.com/careers,Tier 2,Federal / Public Sector IT,"Government IT, defense, civilian agencies, cleared roles",W2 (FTE/contract),Rarely – US citizenship / clearance often required
NuAxis Innovations,https://www.nuaxis.com/careers,Tier 2,Federal / Public Sector IT,"Government IT, defense, civilian agencies, cleared roles",W2 (FTE/contract),Rarely – US citizenship / clearance often required
Aderas,https://www.aderas.com/careers,Tier 2,Federal / Public Sector IT,"Government IT, defense, civilian agencies, cleared roles",W2 (FTE/contract),Rarely – US citizenship / clearance often required
ECS Federal,https://ecstech.com/careers/,Tier 1,Federal / Public Sector IT,"Government IT, defense, civilian agencies, cleared roles",W2 (FTE/contract),Rarely – US citizenship / clearance often required
Tyto Athene,https://www.gotyto.com/careers,Tier 2,Federal / Public Sector IT,"Government IT, defense, civilian agencies, cleared roles",W2 (FTE/contract),Rarely – US citizenship / clearance often required
Iron Bow Technologies,https://www.ironbow.com/careers,Tier 2,Federal / Public Sector IT,"Government IT, defense, civilian agencies, cleared roles",W2 (FTE/contract),Rarely – US citizenship / clearance often required
Carahsoft,https://www.carahsoft.com/careers,Tier 2,Federal / Public Sector IT,"Government IT, defense, civilian agencies, cleared roles",W2 (FTE/contract),Rarely – US citizenship / clearance often required
Dev Technology Group,https://devtechnology.com/careers/,Tier 2,Federal / Public Sector IT,"Government IT, defense, civilian agencies, cleared roles",W2 (FTE/contract),Rarely – US citizenship / clearance often required
Sabre Systems,https://sabresystems.com/careers/,Tier 2,Federal / Public Sector IT,"Government IT, defense, civilian agencies, cleared roles",W2 (FTE/contract),Rarely – US citizenship / clearance often required
VariQ,https://www.variq.com/careers,Tier 2,Federal / Public Sector IT,"Government IT, defense, civilian agencies, cleared roles",W2 (FTE/contract),Rarely – US citizenship / clearance often required
Zachary Piper Solutions,https://www.zacharypiper.com/careers,Tier 2,Federal / Public Sector IT,"Government IT, defense, civilian agencies, cleared roles",W2 (FTE/contract),Rarely – US citizenship / clearance often required
Cornerstone Defense,https://www.cornerstonedefense.com/careers,Tier 2,Federal / Public Sector IT,"Government IT, defense, civilian agencies, cleared roles",W2 (FTE/contract),Rarely – US citizenship / clearance often required
BlueHalo,https://bluehalo.com/careers/,Tier 2,Federal / Public Sector IT,"Government IT, defense, civilian agencies, cleared roles",W2 (FTE/contract),Rarely – US citizenship / clearance often required
Arcfield,https://www.arcfield.com/careers,Tier 2,Federal / Public Sector IT,"Government IT, defense, civilian agencies, cleared roles",W2 (FTE/contract),Rarely – US citizenship / clearance often required
SOSi,https://www.sosi.com/careers/,Tier 2,Federal / Public Sector IT,"Government IT, defense, civilian agencies, cleared roles",W2 (FTE/contract),Rarely – US citizenship / clearance often required
Noblis,https://noblis.org/careers/,Tier 2,Federal / Public Sector IT,"Government IT, defense, civilian agencies, cleared roles",W2 (FTE/contract),Rarely – US citizenship / clearance often required
Eight Eleven Group,https://www.eightelevengroup.com/careers,Tier 3,IT Staffing (Regional / Boutique),"Regional/boutique IT staffing; sub-vendor to primes; app dev, data, infra, QA","C2C, W2, C2H",Likely – verify per role
Medasource,https://www.medasource.com/jobs,Tier 3,IT Staffing (Regional / Boutique),"Regional/boutique IT staffing; sub-vendor to primes; app dev, data, infra, QA","C2C, W2, C2H",Likely – verify per role
Calculated Hire,https://www.calculatedhire.com/jobs,Tier 3,IT Staffing (Regional / Boutique),"Regional/boutique IT staffing; sub-vendor to primes; app dev, data, infra, QA","C2C, W2, C2H",Likely – verify per role
TalentBridge,https://www.talentbridge.com/jobs/,Tier 3,IT Staffing (Regional / Boutique),"Regional/boutique IT staffing; sub-vendor to primes; app dev, data, infra, QA","C2C, W2, C2H",Likely – verify per role
Talascend,https://www.talascend.com/jobs,Tier 3,IT Staffing (Regional / Boutique),Engineering & IT staffing,"C2C, W2, C2H",Likely – verify per role
Selectek,https://www.selectek.com/jobs,Tier 3,IT Staffing (Regional / Boutique),"Regional/boutique IT staffing; sub-vendor to primes; app dev, data, infra, QA","C2C, W2, C2H",Likely – verify per role
Innovar Group,https://innovargroup.com/jobs/,Tier 3,IT Staffing (Regional / Boutique),"Regional/boutique IT staffing; sub-vendor to primes; app dev, data, infra, QA","C2C, W2, C2H",Likely – verify per role
Bravens,https://www.bravens.com/careers,Tier 3,IT Staffing (Regional / Boutique),"Regional/boutique IT staffing; sub-vendor to primes; app dev, data, infra, QA","C2C, W2, C2H",Likely – verify per role
Staffmark,https://www.staffmark.com/jobs,Tier 1,IT Staffing (Regional / Boutique),"Regional/boutique IT staffing; sub-vendor to primes; app dev, data, infra, QA","C2C, W2, C2H",Likely – verify per role
Spherion,https://www.spherion.com/jobs/,Tier 1,IT Staffing (Regional / Boutique),"Regional/boutique IT staffing; sub-vendor to primes; app dev, data, infra, QA","C2C, W2, C2H",Likely – verify per role
Express Employment Professionals,https://www.expresspros.com/jobs,Tier 1,IT Staffing (Regional / Boutique),"Regional/boutique IT staffing; sub-vendor to primes; app dev, data, infra, QA","C2C, W2, C2H",Likely – verify per role
Manpower,https://www.manpower.com/jobs,Tier 1,IT Staffing (Regional / Boutique),"Regional/boutique IT staffing; sub-vendor to primes; app dev, data, infra, QA","C2C, W2, C2H",Likely – verify per role
Hire Digital,https://hiredigital.com/careers,Tier 3,IT Staffing (Regional / Boutique),"Regional/boutique IT staffing; sub-vendor to primes; app dev, data, infra, QA","C2C, W2, C2H",Likely – verify per role
Hunter Technical Resources,https://www.huntertechnical.com/jobs,Tier 3,IT Staffing (Regional / Boutique),"Regional/boutique IT staffing; sub-vendor to primes; app dev, data, infra, QA","C2C, W2, C2H",Likely – verify per role
Talent Group,https://talentgroups.com/jobs/,Tier 3,IT Staffing (Regional / Boutique),"Regional/boutique IT staffing; sub-vendor to primes; app dev, data, infra, QA","C2C, W2, C2H",Likely – verify per role
Frontline Source Group,https://www.frontlinesourcegroup.com/jobs,Tier 3,IT Staffing (Regional / Boutique),"Regional/boutique IT staffing; sub-vendor to primes; app dev, data, infra, QA","C2C, W2, C2H",Likely – verify per role
Cordia Resources,https://www.cordiaresources.com/jobs,Tier 3,IT Staffing (Regional / Boutique),"Regional/boutique IT staffing; sub-vendor to primes; app dev, data, infra, QA","C2C, W2, C2H",Likely – verify per role
Ascendo Resources,https://www.ascendo.com/jobs,Tier 3,IT Staffing (Regional / Boutique),"Regional/boutique IT staffing; sub-vendor to primes; app dev, data, infra, QA","C2C, W2, C2H",Likely – verify per role
TalentZok,https://www.talentzok.com/jobs,Tier 3,IT Staffing (Regional / Boutique),"Regional/boutique IT staffing; sub-vendor to primes; app dev, data, infra, QA","C2C, W2, C2H",Likely – verify per role
Korn Ferry,https://www.kornferry.com/careers,Tier 1,IT Staffing (Regional / Boutique),"Regional/boutique IT staffing; sub-vendor to primes; app dev, data, infra, QA","C2C, W2, C2H",Likely – verify per role
Strategic Systems Inc,https://www.stratsys.com/careers,Tier 3,IT Staffing (Regional / Boutique),"Regional/boutique IT staffing; sub-vendor to primes; app dev, data, infra, QA","C2C, W2, C2H",Likely – verify per role
Sapphire Talent,https://sapphiretalent.com/jobs,Tier 3,IT Staffing (Regional / Boutique),"Regional/boutique IT staffing; sub-vendor to primes; app dev, data, infra, QA","C2C, W2, C2H",Likely – verify per role
Smart IT Frame,https://www.smartitframe.com/careers,Tier 3,IT Staffing (Regional / Boutique),"Regional/boutique IT staffing; sub-vendor to primes; app dev, data, infra, QA","C2C, W2, C2H",Likely – verify per role
SR International,https://www.srinternational.com/careers,Tier 3,IT Staffing (Regional / Boutique),"Regional/boutique IT staffing; sub-vendor to primes; app dev, data, infra, QA","C2C, W2, C2H",Likely – verify per role
Stellar Consulting Solutions,https://stellarconsulting.com/careers/,Tier 3,IT Staffing (Regional / Boutique),"Regional/boutique IT staffing; sub-vendor to primes; app dev, data, infra, QA","C2C, W2, C2H",Likely – verify per role
Sunray Software,https://www.sunraysoftware.com/careers,Tier 3,IT Staffing (Regional / Boutique),"Regional/boutique IT staffing; sub-vendor to primes; app dev, data, infra, QA","C2C, W2, C2H",Likely – verify per role
Unicom Technologies,https://www.unicomtec.com/careers,Tier 3,IT Staffing (Regional / Boutique),"Regional/boutique IT staffing; sub-vendor to primes; app dev, data, infra, QA","C2C, W2, C2H",Likely – verify per role
Universal Consulting Solutions,https://www.ucs-us.com/careers,Tier 3,IT Staffing (Regional / Boutique),"Regional/boutique IT staffing; sub-vendor to primes; app dev, data, infra, QA","C2C, W2, C2H",Likely – verify per role
Vertisystem,https://www.vertisystem.com/careers,Tier 3,IT Staffing (Regional / Boutique),"Regional/boutique IT staffing; sub-vendor to primes; app dev, data, infra, QA","C2C, W2, C2H",Likely – verify per role
Visionaire Partners,https://www.visionairepartners.com/jobs,Tier 3,IT Staffing (Regional / Boutique),"Regional/boutique IT staffing; sub-vendor to primes; app dev, data, infra, QA","C2C, W2, C2H",Likely – verify per role
Xtreme Consulting Group,https://www.xtremeconsulting.com/careers,Tier 3,IT Staffing (Regional / Boutique),"Regional/boutique IT staffing; sub-vendor to primes; app dev, data, infra, QA","C2C, W2, C2H",Likely – verify per role
Zenith Talent,https://www.zenithtalent.com/jobs,Tier 3,IT Staffing (Regional / Boutique),"Regional/boutique IT staffing; sub-vendor to primes; app dev, data, infra, QA","C2C, W2, C2H",Likely – verify per role
Cambay Consulting,https://www.cambaycs.com/careers,Tier 3,IT Staffing (Regional / Boutique),"Regional/boutique IT staffing; sub-vendor to primes; app dev, data, infra, QA","C2C, W2, C2H",Likely – verify per role
Alpha Consulting Corp,https://www.alphaconsulting.com/jobs,Tier 3,IT Staffing (Regional / Boutique),"Regional/boutique IT staffing; sub-vendor to primes; app dev, data, infra, QA","C2C, W2, C2H",Likely – verify per role
Avani Technology Solutions,https://www.avanitech.com/careers,Tier 3,IT Staffing (Regional / Boutique),"Regional/boutique IT staffing; sub-vendor to primes; app dev, data, infra, QA","C2C, W2, C2H",Likely – verify per role
Blue Signal Search,https://bluesignal.com/jobs/,Tier 3,IT Staffing (Regional / Boutique),"Regional/boutique IT staffing; sub-vendor to primes; app dev, data, infra, QA","C2C, W2, C2H",Likely – verify per role
Cloudious,https://www.cloudious.net/careers,Tier 3,IT Staffing (Regional / Boutique),"Regional/boutique IT staffing; sub-vendor to primes; app dev, data, infra, QA","C2C, W2, C2H",Likely – verify per role
ComTec Information Systems,https://www.comtecinfo.com/careers,Tier 3,IT Staffing (Regional / Boutique),"Regional/boutique IT staffing; sub-vendor to primes; app dev, data, infra, QA","C2C, W2, C2H",Likely – verify per role
Cyber Space Technologies,https://www.cspacetech.com/careers,Tier 3,IT Staffing (Regional / Boutique),"Regional/boutique IT staffing; sub-vendor to primes; app dev, data, infra, QA","C2C, W2, C2H",Likely – verify per role
Digital Technology Solutions,https://www.dtsdigital.com/careers,Tier 3,IT Staffing (Regional / Boutique),"Regional/boutique IT staffing; sub-vendor to primes; app dev, data, infra, QA","C2C, W2, C2H",Likely – verify per role
eSolutions Inc,https://www.esolutionsinc.com/careers,Tier 3,IT Staffing (Regional / Boutique),"Regional/boutique IT staffing; sub-vendor to primes; app dev, data, infra, QA","C2C, W2, C2H",Likely – verify per role
Excelon Solutions,https://www.excelonsolutions.com/careers,Tier 3,IT Staffing (Regional / Boutique),"Regional/boutique IT staffing; sub-vendor to primes; app dev, data, infra, QA","C2C, W2, C2H",Likely – verify per role
Focus GTS,https://www.focusgts.com/jobs,Tier 3,IT Staffing (Regional / Boutique),"Regional/boutique IT staffing; sub-vendor to primes; app dev, data, infra, QA","C2C, W2, C2H",Likely – verify per role
Galaxy i Technologies,https://www.galaxyitech.com/careers,Tier 3,IT Staffing (Regional / Boutique),"Regional/boutique IT staffing; sub-vendor to primes; app dev, data, infra, QA","C2C, W2, C2H",Likely – verify per role
iBusiness Solutions,https://www.ibusinesssol.com/careers,Tier 3,IT Staffing (Regional / Boutique),"Regional/boutique IT staffing; sub-vendor to primes; app dev, data, infra, QA","C2C, W2, C2H",Likely – verify per role
Intellisoft Technologies,https://www.intellisofttech.com/careers,Tier 3,IT Staffing (Regional / Boutique),"Regional/boutique IT staffing; sub-vendor to primes; app dev, data, infra, QA","C2C, W2, C2H",Likely – verify per role
InterSources,https://www.intersources.com/careers,Tier 3,IT Staffing (Regional / Boutique),"Regional/boutique IT staffing; sub-vendor to primes; app dev, data, infra, QA","C2C, W2, C2H",Likely – verify per role
JDA TSG,https://www.jdatsg.com/careers,Tier 3,IT Staffing (Regional / Boutique),"Regional/boutique IT staffing; sub-vendor to primes; app dev, data, infra, QA","C2C, W2, C2H",Likely – verify per role
Kaizen Technologies,https://www.kaizentek.com/careers,Tier 3,IT Staffing (Regional / Boutique),"Regional/boutique IT staffing; sub-vendor to primes; app dev, data, infra, QA","C2C, W2, C2H",Likely – verify per role
KPG99,https://www.kpg99.com/careers,Tier 3,IT Staffing (Regional / Boutique),"Regional/boutique IT staffing; sub-vendor to primes; app dev, data, infra, QA","C2C, W2, C2H",Likely – verify per role
Mavensoft Technologies,https://www.mavensoft.com/careers,Tier 3,IT Staffing (Regional / Boutique),"Regional/boutique IT staffing; sub-vendor to primes; app dev, data, infra, QA","C2C, W2, C2H",Likely – verify per role
Object Systems International,https://www.objectsystems.com/careers,Tier 3,IT Staffing (Regional / Boutique),"Regional/boutique IT staffing; sub-vendor to primes; app dev, data, infra, QA","C2C, W2, C2H",Likely – verify per role
Omni Inc,https://www.omniinc.com/careers,Tier 3,IT Staffing (Regional / Boutique),"Regional/boutique IT staffing; sub-vendor to primes; app dev, data, infra, QA","C2C, W2, C2H",Likely – verify per role
Paradigm Infotech,https://www.paradigminfotech.com/careers,Tier 3,IT Staffing (Regional / Boutique),"Regional/boutique IT staffing; sub-vendor to primes; app dev, data, infra, QA","C2C, W2, C2H",Likely – verify per role
Precision Technologies Corp,https://www.ptechcorp.com/careers,Tier 3,IT Staffing (Regional / Boutique),"Regional/boutique IT staffing; sub-vendor to primes; app dev, data, infra, QA","C2C, W2, C2H",Likely – verify per role
PrimeSoft Solutions,https://www.primesoft.net/careers,Tier 3,IT Staffing (Regional / Boutique),"Regional/boutique IT staffing; sub-vendor to primes; app dev, data, infra, QA","C2C, W2, C2H",Likely – verify per role
Princeton IT Services,https://www.princetonits.com/careers,Tier 3,IT Staffing (Regional / Boutique),"Regional/boutique IT staffing; sub-vendor to primes; app dev, data, infra, QA","C2C, W2, C2H",Likely – verify per role
Radiant Digital,https://www.radiant.digital/careers,Tier 3,IT Staffing (Regional / Boutique),"Regional/boutique IT staffing; sub-vendor to primes; app dev, data, infra, QA","C2C, W2, C2H",Likely – verify per role
Resource Logistics,https://www.resource-logistics.com/careers,Tier 3,IT Staffing (Regional / Boutique),"Regional/boutique IT staffing; sub-vendor to primes; app dev, data, infra, QA","C2C, W2, C2H",Likely – verify per role
Rishabh Software,https://www.rishabhsoft.com/careers,Tier 3,IT Staffing (Regional / Boutique),"Regional/boutique IT staffing; sub-vendor to primes; app dev, data, infra, QA","C2C, W2, C2H",Likely – verify per role
RIT Solutions,https://www.ritsolutions.com/careers,Tier 3,IT Staffing (Regional / Boutique),"Regional/boutique IT staffing; sub-vendor to primes; app dev, data, infra, QA","C2C, W2, C2H",Likely – verify per role
Sysazzle,https://www.sysazzle.com/careers,Tier 3,IT Staffing (Regional / Boutique),"Regional/boutique IT staffing; sub-vendor to primes; app dev, data, infra, QA","C2C, W2, C2H",Likely – verify per role
Pro Integrate,https://www.prointegrate.net/careers,Tier 3,IT Staffing (Regional / Boutique),"Regional/boutique IT staffing; sub-vendor to primes; app dev, data, infra, QA","C2C, W2, C2H",Likely – verify per role
Amtex Enterprises,https://www.amtexenterprises.com/careers,Tier 3,IT Staffing (Regional / Boutique),"Regional/boutique IT staffing; sub-vendor to primes; app dev, data, infra, QA","C2C, W2, C2H",Likely – verify per role
ERP Analysts,https://www.erpa.com/careers,Tier 3,IT Staffing (Regional / Boutique),"Regional/boutique IT staffing; sub-vendor to primes; app dev, data, infra, QA","C2C, W2, C2H",Likely – verify per role
Cambridge Technology Enterprises,https://www.ctepl.com/careers,Tier 3,IT Staffing (Regional / Boutique),"Regional/boutique IT staffing; sub-vendor to primes; app dev, data, infra, QA","C2C, W2, C2H",Likely – verify per role
Mindpetal Software Solutions,https://www.mindpetal.com/careers,Tier 3,IT Staffing (Regional / Boutique),"Regional/boutique IT staffing; sub-vendor to primes; app dev, data, infra, QA","C2C, W2, C2H",Likely – verify per role
SPAR Information Systems,https://www.sparinfosys.com/careers,Tier 3,IT Staffing (Regional / Boutique),"Regional/boutique IT staffing; sub-vendor to primes; app dev, data, infra, QA","C2C, W2, C2H",Likely – verify per role
Techtrend Inc,https://www.techtrendinc.com/careers,Tier 3,IT Staffing (Regional / Boutique),"Regional/boutique IT staffing; sub-vendor to primes; app dev, data, infra, QA","C2C, W2, C2H",Likely – verify per role
Tekfortune,https://www.tekfortune.com/careers,Tier 3,IT Staffing (Regional / Boutique),"Regional/boutique IT staffing; sub-vendor to primes; app dev, data, infra, QA","C2C, W2, C2H",Likely – verify per role
iQuasar,https://www.iquasar.com/careers,Tier 3,IT Staffing (Regional / Boutique),"Regional/boutique IT staffing; sub-vendor to primes; app dev, data, infra, QA","C2C, W2, C2H",Likely – verify per role
Ampstek,https://www.ampstek.com/careers,Tier 3,IT Staffing (Regional / Boutique),"Regional/boutique IT staffing; sub-vendor to primes; app dev, data, infra, QA","C2C, W2, C2H",Likely – verify per role
Anveta,https://www.anveta.com/careers,Tier 3,IT Staffing (Regional / Boutique),"Regional/boutique IT staffing; sub-vendor to primes; app dev, data, infra, QA","C2C, W2, C2H",Likely – verify per role
Apolis,https://www.apolisrises.com/careers,Tier 3,IT Staffing (Regional / Boutique),"Regional/boutique IT staffing; sub-vendor to primes; app dev, data, infra, QA","C2C, W2, C2H",Likely – verify per role
Catapult Solutions Group,https://www.catapultsolutionsgroup.com/jobs,Tier 3,IT Staffing (Regional / Boutique),"Regional/boutique IT staffing; sub-vendor to primes; app dev, data, infra, QA","C2C, W2, C2H",Likely – verify per role
Enexus Global,https://www.enexusglobal.com/careers,Tier 3,IT Staffing (Regional / Boutique),"Regional/boutique IT staffing; sub-vendor to primes; app dev, data, infra, QA","C2C, W2, C2H",Likely – verify per role
Gemini Consulting & Services,https://www.gemini-us.com/careers,Tier 3,IT Staffing (Regional / Boutique),"Regional/boutique IT staffing; sub-vendor to primes; app dev, data, infra, QA","C2C, W2, C2H",Likely – verify per role
Global Pharma Tek,https://www.globalpharmatek.com/careers,Tier 3,IT Staffing (Regional / Boutique),"Regional/boutique IT staffing; sub-vendor to primes; app dev, data, infra, QA","C2C, W2, C2H",Likely – verify per role
K Anand Corporation,https://www.kanand.com/careers,Tier 3,IT Staffing (Regional / Boutique),"Regional/boutique IT staffing; sub-vendor to primes; app dev, data, infra, QA","C2C, W2, C2H",Likely – verify per role
Metasys Technologies,https://www.metasysinc.com/careers,Tier 3,IT Staffing (Regional / Boutique),"Regional/boutique IT staffing; sub-vendor to primes; app dev, data, infra, QA","C2C, W2, C2H",Likely – verify per role
NAM Info Inc,https://www.naminfo.com/careers,Tier 3,IT Staffing (Regional / Boutique),"Regional/boutique IT staffing; sub-vendor to primes; app dev, data, infra, QA","C2C, W2, C2H",Likely – verify per role
New York Technology Partners,https://www.nytp.com/careers,Tier 3,IT Staffing (Regional / Boutique),"Regional/boutique IT staffing; sub-vendor to primes; app dev, data, infra, QA","C2C, W2, C2H",Likely – verify per role
PamTen,https://www.pamten.com/careers,Tier 3,IT Staffing (Regional / Boutique),"Regional/boutique IT staffing; sub-vendor to primes; app dev, data, infra, QA","C2C, W2, C2H",Likely – verify per role
Pantar Solutions,https://www.pantarsolutions.com/careers,Tier 3,IT Staffing (Regional / Boutique),"Regional/boutique IT staffing; sub-vendor to primes; app dev, data, infra, QA","C2C, W2, C2H",Likely – verify per role
Peer Consulting Resources,https://www.peerconsulting.com/careers,Tier 3,IT Staffing (Regional / Boutique),"Regional/boutique IT staffing; sub-vendor to primes; app dev, data, infra, QA","C2C, W2, C2H",Likely – verify per role
ProV International,https://www.provintl.com/careers,Tier 3,IT Staffing (Regional / Boutique),"Regional/boutique IT staffing; sub-vendor to primes; app dev, data, infra, QA","C2C, W2, C2H",Likely – verify per role
Resourcesoft,https://www.resourcesoft.com/careers,Tier 3,IT Staffing (Regional / Boutique),"Regional/boutique IT staffing; sub-vendor to primes; app dev, data, infra, QA","C2C, W2, C2H",Likely – verify per role
Sriven Systems,https://www.srivensystems.com/careers,Tier 3,IT Staffing (Regional / Boutique),"Regional/boutique IT staffing; sub-vendor to primes; app dev, data, infra, QA","C2C, W2, C2H",Likely – verify per role
Systel Inc,https://www.systelinc.com/careers,Tier 3,IT Staffing (Regional / Boutique),"Regional/boutique IT staffing; sub-vendor to primes; app dev, data, infra, QA","C2C, W2, C2H",Likely – verify per role
Tekskills,https://www.tekskills.com/careers,Tier 3,IT Staffing (Regional / Boutique),"Regional/boutique IT staffing; sub-vendor to primes; app dev, data, infra, QA","C2C, W2, C2H",Likely – verify per role
Tek Ninjas,https://www.tekninjas.com/careers,Tier 3,IT Staffing (Regional / Boutique),"Regional/boutique IT staffing; sub-vendor to primes; app dev, data, infra, QA","C2C, W2, C2H",Likely – verify per role
TekStream Solutions,https://www.tekstream.com/careers/,Tier 3,IT Staffing (Regional / Boutique),"Regional/boutique IT staffing; sub-vendor to primes; app dev, data, infra, QA","C2C, W2, C2H",Likely – verify per role
TriCom Technical Services,https://www.tricomts.com/jobs,Tier 3,IT Staffing (Regional / Boutique),"Regional/boutique IT staffing; sub-vendor to primes; app dev, data, infra, QA","C2C, W2, C2H",Likely – verify per role
Tri-Force Consulting,https://www.triforce-inc.com/careers,Tier 3,IT Staffing (Regional / Boutique),"Regional/boutique IT staffing; sub-vendor to primes; app dev, data, infra, QA","C2C, W2, C2H",Likely – verify per role
USM Business Systems,https://www.usmsystems.com/careers,Tier 3,IT Staffing (Regional / Boutique),"Regional/boutique IT staffing; sub-vendor to primes; app dev, data, infra, QA","C2C, W2, C2H",Likely – verify per role
Vector Consulting,https://www.vectorconsulting.com/careers,Tier 3,IT Staffing (Regional / Boutique),"Regional/boutique IT staffing; sub-vendor to primes; app dev, data, infra, QA","C2C, W2, C2H",Likely – verify per role
VSoft Consulting,https://www.vsoftconsulting.com/careers,Tier 3,IT Staffing (Regional / Boutique),"Regional/boutique IT staffing; sub-vendor to primes; app dev, data, infra, QA","C2C, W2, C2H",Likely – verify per role
Yochana IT Solutions,https://www.yochana.com/careers,Tier 3,IT Staffing (Regional / Boutique),"Regional/boutique IT staffing; sub-vendor to primes; app dev, data, infra, QA","C2C, W2, C2H",Likely – verify per role
Zillion Technologies,https://www.zilliontechnologies.com/careers,Tier 3,IT Staffing (Regional / Boutique),"Regional/boutique IT staffing; sub-vendor to primes; app dev, data, infra, QA","C2C, W2, C2H",Likely – verify per role
3Core Systems,https://www.3coresystems.com/careers,Tier 3,IT Staffing (Regional / Boutique),"Regional/boutique IT staffing; sub-vendor to primes; app dev, data, infra, QA","C2C, W2, C2H",Likely – verify per role
Agile Enterprise Solutions,https://www.agileesinc.com/careers,Tier 3,IT Staffing (Regional / Boutique),"Regional/boutique IT staffing; sub-vendor to primes; app dev, data, infra, QA","C2C, W2, C2H",Likely – verify per role
"American Cybersystems (ACS Solutions, now Innova Solutions)",https://www.innovasolutions.com/careers/,Tier 3,IT Staffing (Regional / Boutique),"Regional/boutique IT staffing; sub-vendor to primes; app dev, data, infra, QA","C2C, W2, C2H",Likely – verify per role
Atlantic Partners,https://www.atlanticpartners.com/jobs,Tier 3,IT Staffing (Regional / Boutique),"Regional/boutique IT staffing; sub-vendor to primes; app dev, data, infra, QA","C2C, W2, C2H",Likely – verify per role
Compu-Vision Consulting,https://www.compu-vision.net/careers,Tier 3,IT Staffing (Regional / Boutique),"Regional/boutique IT staffing; sub-vendor to primes; app dev, data, infra, QA","C2C, W2, C2H",Likely – verify per role
Enterprise Solutions Inc,https://www.esolutionsinc.com/jobs,Tier 3,IT Staffing (Regional / Boutique),"Regional/boutique IT staffing; sub-vendor to primes; app dev, data, infra, QA","C2C, W2, C2H",Likely – verify per role
Evergreen Technologies,https://www.evergreentech.com/careers,Tier 3,IT Staffing (Regional / Boutique),"Regional/boutique IT staffing; sub-vendor to primes; app dev, data, infra, QA","C2C, W2, C2H",Likely – verify per role
Fusion Global Solutions,https://www.fusiongs.com/careers,Tier 3,IT Staffing (Regional / Boutique),"Regional/boutique IT staffing; sub-vendor to primes; app dev, data, infra, QA","C2C, W2, C2H",Likely – verify per role
GlobalLogic (Hitachi),https://www.globallogic.com/careers/,Tier 1,IT Staffing (Regional / Boutique),"Regional/boutique IT staffing; sub-vendor to primes; app dev, data, infra, QA","C2C, W2, C2H",Likely – verify per role
Innovative Consulting Group,https://www.icg-inc.com/careers,Tier 3,IT Staffing (Regional / Boutique),"Regional/boutique IT staffing; sub-vendor to primes; app dev, data, infra, QA","C2C, W2, C2H",Likely – verify per role
ITL USA,https://www.itlusa.com/careers,Tier 3,IT Staffing (Regional / Boutique),"Regional/boutique IT staffing; sub-vendor to primes; app dev, data, infra, QA","C2C, W2, C2H",Likely – verify per role
Javen Technologies,https://www.javentech.com/careers,Tier 3,IT Staffing (Regional / Boutique),"Regional/boutique IT staffing; sub-vendor to primes; app dev, data, infra, QA","C2C, W2, C2H",Likely – verify per role
Logix Guru,https://www.logixguru.com/careers,Tier 3,IT Staffing (Regional / Boutique),"Regional/boutique IT staffing; sub-vendor to primes; app dev, data, infra, QA","C2C, W2, C2H",Likely – verify per role
Maintec Technologies,https://www.maintec.com/careers,Tier 3,IT Staffing (Regional / Boutique),"Regional/boutique IT staffing; sub-vendor to primes; app dev, data, infra, QA","C2C, W2, C2H",Likely – verify per role
NexInfo Solutions,https://www.nexinfo.com/careers,Tier 3,IT Staffing (Regional / Boutique),"Regional/boutique IT staffing; sub-vendor to primes; app dev, data, infra, QA","C2C, W2, C2H",Likely – verify per role
OSI Digital,https://www.osidigital.com/careers,Tier 3,IT Staffing (Regional / Boutique),"Regional/boutique IT staffing; sub-vendor to primes; app dev, data, infra, QA","C2C, W2, C2H",Likely – verify per role
PDS Tech Commercial,https://www.pdstech.com/jobs,Tier 3,IT Staffing (Regional / Boutique),"Regional/boutique IT staffing; sub-vendor to primes; app dev, data, infra, QA","C2C, W2, C2H",Likely – verify per role
Prudent Technologies and Consulting,https://www.prudentconsulting.com/careers,Tier 3,IT Staffing (Regional / Boutique),"Regional/boutique IT staffing; sub-vendor to primes; app dev, data, infra, QA","C2C, W2, C2H",Likely – verify per role
Ramsoft Systems,https://www.ramsoftsys.com/careers,Tier 3,IT Staffing (Regional / Boutique),"Regional/boutique IT staffing; sub-vendor to primes; app dev, data, infra, QA","C2C, W2, C2H",Likely – verify per role
RedSalsa Technologies,https://www.redsalsa.com/careers,Tier 3,IT Staffing (Regional / Boutique),"Regional/boutique IT staffing; sub-vendor to primes; app dev, data, infra, QA","C2C, W2, C2H",Likely – verify per role
Reliable Software Resources,https://www.rsrit.com/careers,Tier 3,IT Staffing (Regional / Boutique),"Regional/boutique IT staffing; sub-vendor to primes; app dev, data, infra, QA","C2C, W2, C2H",Likely – verify per role
Sage Group Consulting,https://www.sageci.com/jobs,Tier 3,IT Staffing (Regional / Boutique),"Regional/boutique IT staffing; sub-vendor to primes; app dev, data, infra, QA","C2C, W2, C2H",Likely – verify per role
Seneca Resources,https://www.senecahq.com/jobs,Tier 3,IT Staffing (Regional / Boutique),"Regional/boutique IT staffing; sub-vendor to primes; app dev, data, infra, QA","C2C, W2, C2H",Likely – verify per role
Serigor Inc,https://www.serigor.com/careers,Tier 3,IT Staffing (Regional / Boutique),"Regional/boutique IT staffing; sub-vendor to primes; app dev, data, infra, QA","C2C, W2, C2H",Likely – verify per role
Smart Solutions Inc,https://www.smartsolutionsinc.com/careers,Tier 3,IT Staffing (Regional / Boutique),"Regional/boutique IT staffing; sub-vendor to primes; app dev, data, infra, QA","C2C, W2, C2H",Likely – verify per role
Spectraforce Technologies,https://www.spectraforce.com/careers,Tier 3,IT Staffing (Regional / Boutique),"Regional/boutique IT staffing; sub-vendor to primes; app dev, data, infra, QA","C2C, W2, C2H",Likely – verify per role
Sun Technologies,https://www.suntechnologies.com/careers,Tier 3,IT Staffing (Regional / Boutique),"Regional/boutique IT staffing; sub-vendor to primes; app dev, data, infra, QA","C2C, W2, C2H",Likely – verify per role
Syntricate Technologies,https://www.syntricate.com/careers,Tier 3,IT Staffing (Regional / Boutique),"Regional/boutique IT staffing; sub-vendor to primes; app dev, data, infra, QA","C2C, W2, C2H",Likely – verify per role
Systems Technology Group (STG),https://www.stgit.com/careers,Tier 3,IT Staffing (Regional / Boutique),"Regional/boutique IT staffing; sub-vendor to primes; app dev, data, infra, QA","C2C, W2, C2H",Likely – verify per role
Tech Providers,https://www.techproviders.com/careers,Tier 3,IT Staffing (Regional / Boutique),"Regional/boutique IT staffing; sub-vendor to primes; app dev, data, infra, QA","C2C, W2, C2H",Likely – verify per role
TechFlow,https://www.techflow.com/careers,Tier 3,IT Staffing (Regional / Boutique),"Regional/boutique IT staffing; sub-vendor to primes; app dev, data, infra, QA","C2C, W2, C2H",Likely – verify per role
VBeyond Corporation,https://www.vbeyond.com/careers,Tier 3,IT Staffing (Regional / Boutique),"Regional/boutique IT staffing; sub-vendor to primes; app dev, data, infra, QA","C2C, W2, C2H",Likely – verify per role
Vinsys Information Technology,https://www.vinsysinfotech.com/careers,Tier 3,IT Staffing (Regional / Boutique),"Regional/boutique IT staffing; sub-vendor to primes; app dev, data, infra, QA","C2C, W2, C2H",Likely – verify per role
Vy Systems,https://www.vysystems.com/careers,Tier 3,IT Staffing (Regional / Boutique),"Regional/boutique IT staffing; sub-vendor to primes; app dev, data, infra, QA","C2C, W2, C2H",Likely – verify per role
Xpanxion (UST),https://www.xpanxion.com/careers,Tier 3,IT Staffing (Regional / Boutique),"Regional/boutique IT staffing; sub-vendor to primes; app dev, data, infra, QA","C2C, W2, C2H",Likely – verify per role
Ztek Consulting,https://www.ztekconsulting.com/careers,Tier 3,IT Staffing (Regional / Boutique),"Regional/boutique IT staffing; sub-vendor to primes; app dev, data, infra, QA","C2C, W2, C2H",Likely – verify per role
Harnham,https://www.harnham.com/jobs,Tier 2,Specialist Recruiters / RPO / MSP,"Niche recruiting (data, cloud, security, ERP), RPO, MSP/VMS programs","Direct Hire, W2, C2C via MSP",Varies – verify
Burtch Works,https://www.burtchworks.com/jobs/,Tier 2,Specialist Recruiters / RPO / MSP,"Niche recruiting (data, cloud, security, ERP), RPO, MSP/VMS programs","Direct Hire, W2, C2C via MSP",Varies – verify
Averity,https://www.averity.com/jobs,Tier 2,Specialist Recruiters / RPO / MSP,"Niche recruiting (data, cloud, security, ERP), RPO, MSP/VMS programs","Direct Hire, W2, C2C via MSP",Varies – verify
Glocomms,https://www.glocomms.com/jobs,Tier 2,Specialist Recruiters / RPO / MSP,"Niche recruiting (data, cloud, security, ERP), RPO, MSP/VMS programs","Direct Hire, W2, C2C via MSP",Varies – verify
Selby Jennings,https://www.selbyjennings.com/jobs,Tier 2,Specialist Recruiters / RPO / MSP,"Niche recruiting (data, cloud, security, ERP), RPO, MSP/VMS programs","Direct Hire, W2, C2C via MSP",Varies – verify
Phaidon International,https://www.phaidoninternational.com/careers,Tier 2,Specialist Recruiters / RPO / MSP,"Niche recruiting (data, cloud, security, ERP), RPO, MSP/VMS programs","Direct Hire, W2, C2C via MSP",Varies – verify
Franklin Fitch,https://www.franklinfitch.com/jobs,Tier 2,Specialist Recruiters / RPO / MSP,"Niche recruiting (data, cloud, security, ERP), RPO, MSP/VMS programs","Direct Hire, W2, C2C via MSP",Varies – verify
Anderson Frank,https://www.andersonfrank.com/jobs,Tier 2,Specialist Recruiters / RPO / MSP,"Niche recruiting (data, cloud, security, ERP), RPO, MSP/VMS programs","Direct Hire, W2, C2C via MSP",Varies – verify
Mason Frank International,https://www.masonfrank.com/jobs,Tier 2,Specialist Recruiters / RPO / MSP,"Niche recruiting (data, cloud, security, ERP), RPO, MSP/VMS programs","Direct Hire, W2, C2C via MSP",Varies – verify
Washington Frank,https://www.washingtonfrank.com/jobs,Tier 2,Specialist Recruiters / RPO / MSP,"Niche recruiting (data, cloud, security, ERP), RPO, MSP/VMS programs","Direct Hire, W2, C2C via MSP",Varies – verify
Pearson Frank,https://www.pearsonfrank.com/jobs,Tier 2,Specialist Recruiters / RPO / MSP,"Niche recruiting (data, cloud, security, ERP), RPO, MSP/VMS programs","Direct Hire, W2, C2C via MSP",Varies – verify
Tenth Revolution Group,https://www.tenthrevolution.com/jobs,Tier 2,Specialist Recruiters / RPO / MSP,"Niche recruiting (data, cloud, security, ERP), RPO, MSP/VMS programs","Direct Hire, W2, C2C via MSP",Varies – verify
Robert Walters,https://www.robertwalters.us/jobs.html,Tier 2,Specialist Recruiters / RPO / MSP,"Niche recruiting (data, cloud, security, ERP), RPO, MSP/VMS programs","Direct Hire, W2, C2C via MSP",Varies – verify
Morgan McKinley,https://www.morganmckinley.com/us/jobs,Tier 2,Specialist Recruiters / RPO / MSP,"Niche recruiting (data, cloud, security, ERP), RPO, MSP/VMS programs","Direct Hire, W2, C2C via MSP",Varies – verify
Spencer Ogden,https://www.spencer-ogden.com/jobs,Tier 2,Specialist Recruiters / RPO / MSP,Energy & infrastructure recruiting,"Direct Hire, W2, C2C via MSP",Varies – verify
Airswift,https://www.airswift.com/jobs,Tier 2,Specialist Recruiters / RPO / MSP,Energy & infrastructure staffing (Houston),"Direct Hire, W2, C2C via MSP",Varies – verify
NES Fircroft,https://www.nesfircroft.com/jobs/,Tier 2,Specialist Recruiters / RPO / MSP,Oil & gas / energy engineering & IT staffing,"Direct Hire, W2, C2C via MSP",Varies – verify
Petroplan,https://www.petroplan.com/jobs,Tier 2,Specialist Recruiters / RPO / MSP,Oil & gas staffing,"Direct Hire, W2, C2C via MSP",Varies – verify
Brunel,https://www.brunel.net/en-us/jobs,Tier 2,Specialist Recruiters / RPO / MSP,Energy & engineering staffing,"Direct Hire, W2, C2C via MSP",Varies – verify
TRS Staffing Solutions,https://www.trsstaffing.com/jobs,Tier 2,Specialist Recruiters / RPO / MSP,Engineering & energy staffing (Fluor),"Direct Hire, W2, C2C via MSP",Varies – verify
Whitaker IT,https://www.whitakerit.com/jobs,Tier 2,Specialist Recruiters / RPO / MSP,IT staffing (Houston),"Direct Hire, W2, C2C via MSP",Varies – verify
Murray Resources,https://murrayresources.com/jobs/,Tier 2,Specialist Recruiters / RPO / MSP,Staffing (Houston),"Direct Hire, W2, C2C via MSP",Varies – verify
Burnett Specialists,https://www.burnettspecialists.com/jobs,Tier 2,Specialist Recruiters / RPO / MSP,Staffing (Texas),"Direct Hire, W2, C2C via MSP",Varies – verify
The Reserves Network,https://www.trnstaffing.com/jobs,Tier 2,Specialist Recruiters / RPO / MSP,"Niche recruiting (data, cloud, security, ERP), RPO, MSP/VMS programs","Direct Hire, W2, C2C via MSP",Varies – verify
Ledgent Technology,https://www.ledgenttech.com/jobs,Tier 2,Specialist Recruiters / RPO / MSP,"Niche recruiting (data, cloud, security, ERP), RPO, MSP/VMS programs","Direct Hire, W2, C2C via MSP",Varies – verify
Roth Staffing,https://www.rothstaffing.com/jobs,Tier 2,Specialist Recruiters / RPO / MSP,"Niche recruiting (data, cloud, security, ERP), RPO, MSP/VMS programs","Direct Hire, W2, C2C via MSP",Varies – verify
Ultimate Staffing,https://www.ultimatestaffing.com/jobs,Tier 2,Specialist Recruiters / RPO / MSP,"Niche recruiting (data, cloud, security, ERP), RPO, MSP/VMS programs","Direct Hire, W2, C2C via MSP",Varies – verify
AppleOne,https://www.appleone.com/jobs,Tier 1,Specialist Recruiters / RPO / MSP,"Niche recruiting (data, cloud, security, ERP), RPO, MSP/VMS programs","Direct Hire, W2, C2C via MSP",Varies – verify
Aquent,https://aquent.com/find-work,Tier 1,Specialist Recruiters / RPO / MSP,"Niche recruiting (data, cloud, security, ERP), RPO, MSP/VMS programs","Direct Hire, W2, C2C via MSP",Varies – verify
Creative Circle,https://www.creativecircle.com/jobs/,Tier 1,Specialist Recruiters / RPO / MSP,"Niche recruiting (data, cloud, security, ERP), RPO, MSP/VMS programs","Direct Hire, W2, C2C via MSP",Varies – verify
24 Seven Talent,https://www.24seventalent.com/jobs,Tier 2,Specialist Recruiters / RPO / MSP,"Niche recruiting (data, cloud, security, ERP), RPO, MSP/VMS programs","Direct Hire, W2, C2C via MSP",Varies – verify
Vitamin T (Aquent Talent),https://aquenttalent.com/jobs,Tier 2,Specialist Recruiters / RPO / MSP,"Niche recruiting (data, cloud, security, ERP), RPO, MSP/VMS programs","Direct Hire, W2, C2C via MSP",Varies – verify
Onward Search,https://www.onwardsearch.com/jobs/,Tier 2,Specialist Recruiters / RPO / MSP,"Niche recruiting (data, cloud, security, ERP), RPO, MSP/VMS programs","Direct Hire, W2, C2C via MSP",Varies – verify
Butler America,https://www.butler.com/jobs,Tier 2,Specialist Recruiters / RPO / MSP,"Niche recruiting (data, cloud, security, ERP), RPO, MSP/VMS programs","Direct Hire, W2, C2C via MSP",Varies – verify
Latitude Inc,https://www.latitudeinc.net/jobs,Tier 2,Specialist Recruiters / RPO / MSP,"Niche recruiting (data, cloud, security, ERP), RPO, MSP/VMS programs","Direct Hire, W2, C2C via MSP",Varies – verify
CyberSN,https://www.cybersn.com/jobs,Tier 2,Specialist Recruiters / RPO / MSP,"Niche recruiting (data, cloud, security, ERP), RPO, MSP/VMS programs","Direct Hire, W2, C2C via MSP",Varies – verify
Stott and May,https://www.stottandmay.com/jobs,Tier 2,Specialist Recruiters / RPO / MSP,"Niche recruiting (data, cloud, security, ERP), RPO, MSP/VMS programs","Direct Hire, W2, C2C via MSP",Varies – verify
Signify Technology,https://www.signifytechnology.com/jobs,Tier 2,Specialist Recruiters / RPO / MSP,"Niche recruiting (data, cloud, security, ERP), RPO, MSP/VMS programs","Direct Hire, W2, C2C via MSP",Varies – verify
Understanding Recruitment,https://www.understandingrecruitment.com/jobs,Tier 2,Specialist Recruiters / RPO / MSP,"Niche recruiting (data, cloud, security, ERP), RPO, MSP/VMS programs","Direct Hire, W2, C2C via MSP",Varies – verify
Storm2,https://www.storm2.com/jobs,Tier 2,Specialist Recruiters / RPO / MSP,"Niche recruiting (data, cloud, security, ERP), RPO, MSP/VMS programs","Direct Hire, W2, C2C via MSP",Varies – verify
Noir Consulting,https://www.noirconsulting.com/jobs,Tier 2,Specialist Recruiters / RPO / MSP,"Niche recruiting (data, cloud, security, ERP), RPO, MSP/VMS programs","Direct Hire, W2, C2C via MSP",Varies – verify
Opus Recruitment Solutions,https://www.opusrecruitmentsolutions.com/jobs,Tier 2,Specialist Recruiters / RPO / MSP,"Niche recruiting (data, cloud, security, ERP), RPO, MSP/VMS programs","Direct Hire, W2, C2C via MSP",Varies – verify
Third Republic,https://www.thirdrepublic.com/jobs,Tier 2,Specialist Recruiters / RPO / MSP,"Niche recruiting (data, cloud, security, ERP), RPO, MSP/VMS programs","Direct Hire, W2, C2C via MSP",Varies – verify
Harrison Clarke,https://www.harrisonclarke.com/jobs,Tier 2,Specialist Recruiters / RPO / MSP,"Niche recruiting (data, cloud, security, ERP), RPO, MSP/VMS programs","Direct Hire, W2, C2C via MSP",Varies – verify
Levi Ray & Shoup (LRS),https://www.lrs.com/careers,Tier 2,Specialist Recruiters / RPO / MSP,"Niche recruiting (data, cloud, security, ERP), RPO, MSP/VMS programs","Direct Hire, W2, C2C via MSP",Varies – verify
Hire Velocity,https://www.hirevelocity.com/jobs,Tier 2,Specialist Recruiters / RPO / MSP,"Niche recruiting (data, cloud, security, ERP), RPO, MSP/VMS programs","Direct Hire, W2, C2C via MSP",Varies – verify
Cielo,https://www.cielotalent.com/careers,Tier 2,Specialist Recruiters / RPO / MSP,"Niche recruiting (data, cloud, security, ERP), RPO, MSP/VMS programs","Direct Hire, W2, C2C via MSP",Varies – verify
AMS (Alexander Mann),https://www.weareams.com/careers,Tier 2,Specialist Recruiters / RPO / MSP,"Niche recruiting (data, cloud, security, ERP), RPO, MSP/VMS programs","Direct Hire, W2, C2C via MSP",Varies – verify
Sevenstep,https://www.sevensteprpo.com/careers,Tier 2,Specialist Recruiters / RPO / MSP,"Niche recruiting (data, cloud, security, ERP), RPO, MSP/VMS programs","Direct Hire, W2, C2C via MSP",Varies – verify
PeopleScout,https://www.peoplescout.com/careers,Tier 2,Specialist Recruiters / RPO / MSP,"Niche recruiting (data, cloud, security, ERP), RPO, MSP/VMS programs","Direct Hire, W2, C2C via MSP",Varies – verify
Hueman,https://www.huemanrpo.com/careers,Tier 2,Specialist Recruiters / RPO / MSP,"Niche recruiting (data, cloud, security, ERP), RPO, MSP/VMS programs","Direct Hire, W2, C2C via MSP",Varies – verify
WilsonHCG,https://www.wilsonhcg.com/careers,Tier 2,Specialist Recruiters / RPO / MSP,"Niche recruiting (data, cloud, security, ERP), RPO, MSP/VMS programs","Direct Hire, W2, C2C via MSP",Varies – verify
Allegis Global Solutions,https://www.allegisglobalsolutions.com/careers,Tier 1,Specialist Recruiters / RPO / MSP,MSP/RPO,"Direct Hire, W2, C2C via MSP",Varies – verify
KellyOCG,https://www.kellyocg.com/careers,Tier 1,Specialist Recruiters / RPO / MSP,MSP/RPO – contingent workforce programs,"Direct Hire, W2, C2C via MSP",Varies – verify
Magnit (formerly PRO Unlimited),https://magnitglobal.com/us/en/careers.html,Tier 1,Specialist Recruiters / RPO / MSP,MSP/VMS – governs many prime vendor programs,"Direct Hire, W2, C2C via MSP",Varies – verify
Guidant Global,https://www.guidantglobal.com/careers,Tier 2,Specialist Recruiters / RPO / MSP,"Niche recruiting (data, cloud, security, ERP), RPO, MSP/VMS programs","Direct Hire, W2, C2C via MSP",Varies – verify
Workspend,https://www.workspend.com/careers,Tier 2,Specialist Recruiters / RPO / MSP,"Niche recruiting (data, cloud, security, ERP), RPO, MSP/VMS programs","Direct Hire, W2, C2C via MSP",Varies – verify
Atrium,https://atriumstaff.com/jobs/,Tier 2,Specialist Recruiters / RPO / MSP,"Niche recruiting (data, cloud, security, ERP), RPO, MSP/VMS programs","Direct Hire, W2, C2C via MSP",Varies – verify
nextSource,https://www.nextsource.com/careers,Tier 2,Specialist Recruiters / RPO / MSP,"Niche recruiting (data, cloud, security, ERP), RPO, MSP/VMS programs","Direct Hire, W2, C2C via MSP",Varies – verify
Agile-1 (Agile One),https://www.agile-1.com/careers,Tier 2,Specialist Recruiters / RPO / MSP,"Niche recruiting (data, cloud, security, ERP), RPO, MSP/VMS programs","Direct Hire, W2, C2C via MSP",Varies – verify
Broadleaf Results,https://broadleafresults.com/careers/,Tier 2,Specialist Recruiters / RPO / MSP,"Niche recruiting (data, cloud, security, ERP), RPO, MSP/VMS programs","Direct Hire, W2, C2C via MSP",Varies – verify
TAPFIN (ManpowerGroup),https://www.tapfin.com/careers,Tier 2,Specialist Recruiters / RPO / MSP,"Niche recruiting (data, cloud, security, ERP), RPO, MSP/VMS programs","Direct Hire, W2, C2C via MSP",Varies – verify
HireGenics,https://www.hiregenics.com/careers,Tier 2,Specialist Recruiters / RPO / MSP,"Niche recruiting (data, cloud, security, ERP), RPO, MSP/VMS programs","Direct Hire, W2, C2C via MSP",Varies – verify
DZConneX (Yoh),https://www.dzconnex.com/careers,Tier 2,Specialist Recruiters / RPO / MSP,"Niche recruiting (data, cloud, security, ERP), RPO, MSP/VMS programs","Direct Hire, W2, C2C via MSP",Varies – verify
Corp-Corp.com (C2C job board),https://www.corp-corp.com/,N/A,Job Board / Talent Marketplace,Dedicated C2C job board / vendor listings,N/A (posting source),N/A
C2C Jobs (c2cjobs.us),https://c2cjobs.us/,N/A,Job Board / Talent Marketplace,Job aggregation / freelance marketplace – not an employer,N/A (posting source),N/A
OPTnation,https://www.optnation.com/,N/A,Job Board / Talent Marketplace,OPT/CPT/H1B job board,N/A (posting source),N/A
Dice,https://www.dice.com/jobs,N/A,Job Board / Talent Marketplace,Tech job board – heavily used by primes,N/A (posting source),N/A
Indeed,https://www.indeed.com/,N/A,Job Board / Talent Marketplace,Job aggregation / freelance marketplace – not an employer,N/A (posting source),N/A
LinkedIn Jobs,https://www.linkedin.com/jobs/,N/A,Job Board / Talent Marketplace,Job aggregation / freelance marketplace – not an employer,N/A (posting source),N/A
Glassdoor,https://www.glassdoor.com/Job/index.htm,N/A,Job Board / Talent Marketplace,Job aggregation / freelance marketplace – not an employer,N/A (posting source),N/A
ZipRecruiter,https://www.ziprecruiter.com/,N/A,Job Board / Talent Marketplace,Job aggregation / freelance marketplace – not an employer,N/A (posting source),N/A
Monster,https://www.monster.com/jobs,N/A,Job Board / Talent Marketplace,Job aggregation / freelance marketplace – not an employer,N/A (posting source),N/A
CareerBuilder,https://www.careerbuilder.com/,N/A,Job Board / Talent Marketplace,Job aggregation / freelance marketplace – not an employer,N/A (posting source),N/A
SimplyHired,https://www.simplyhired.com/,N/A,Job Board / Talent Marketplace,Job aggregation / freelance marketplace – not an employer,N/A (posting source),N/A
The Ladders,https://www.theladders.com/jobs,N/A,Job Board / Talent Marketplace,Job aggregation / freelance marketplace – not an employer,N/A (posting source),N/A
Hired,https://hired.com/,N/A,Job Board / Talent Marketplace,Job aggregation / freelance marketplace – not an employer,N/A (posting source),N/A
Wellfound (AngelList Talent),https://wellfound.com/jobs,N/A,Job Board / Talent Marketplace,Job aggregation / freelance marketplace – not an employer,N/A (posting source),N/A
Toptal,https://www.toptal.com/talent/apply,N/A,Job Board / Talent Marketplace,Freelance marketplace (senior),Freelance/1099,N/A (contractor marketplace)
Braintrust,https://www.usebraintrust.com/jobs,N/A,Job Board / Talent Marketplace,Job aggregation / freelance marketplace – not an employer,Freelance/1099,N/A
Andela,https://www.andela.com/talent,N/A,Job Board / Talent Marketplace,Job aggregation / freelance marketplace – not an employer,Contract (remote),N/A
Turing,https://www.turing.com/jobs,N/A,Job Board / Talent Marketplace,Job aggregation / freelance marketplace – not an employer,Contract (remote),N/A
Crossover,https://www.crossover.com/jobs,N/A,Job Board / Talent Marketplace,Job aggregation / freelance marketplace – not an employer,Contract (remote),N/A
Gun.io,https://gun.io/find-work/,N/A,Job Board / Talent Marketplace,Job aggregation / freelance marketplace – not an employer,Freelance/1099,N/A
X-Team,https://x-team.com/join/,N/A,Job Board / Talent Marketplace,Job aggregation / freelance marketplace – not an employer,Contract,N/A
Arc.dev,https://arc.dev/developer-jobs,N/A,Job Board / Talent Marketplace,Job aggregation / freelance marketplace – not an employer,Contract/FTE,N/A
Remote.co,https://remote.co/remote-jobs/,N/A,Job Board / Talent Marketplace,Job aggregation / freelance marketplace – not an employer,N/A (posting source),N/A
RemoteOK,https://remoteok.com/,N/A,Job Board / Talent Marketplace,Job aggregation / freelance marketplace – not an employer,N/A (posting source),N/A
We Work Remotely,https://weworkremotely.com/,N/A,Job Board / Talent Marketplace,Job aggregation / freelance marketplace – not an employer,N/A (posting source),N/A
Built In,https://builtin.com/jobs,N/A,Job Board / Talent Marketplace,Job aggregation / freelance marketplace – not an employer,N/A (posting source),N/A
Working Nomads,https://www.workingnomads.com/jobs,N/A,Job Board / Talent Marketplace,Job aggregation / freelance marketplace – not an employer,N/A (posting source),N/A
Otta,https://otta.com/,N/A,Job Board / Talent Marketplace,Job aggregation / freelance marketplace – not an employer,N/A (posting source),N/A
Upwork,https://www.upwork.com/nx/search/jobs/,N/A,Job Board / Talent Marketplace,Freelance marketplace,Freelance/1099,N/A
Jobspresso,https://jobspresso.co/,N/A,Job Board / Talent Marketplace,Job aggregation / freelance marketplace – not an employer,N/A (posting source),N/A
Levels.fyi Jobs,https://www.levels.fyi/jobs,N/A,Job Board / Talent Marketplace,Job aggregation / freelance marketplace – not an employer,N/A (posting source),N/A
Y Combinator Work at a Startup,https://www.workatastartup.com/,N/A,Job Board / Talent Marketplace,Job aggregation / freelance marketplace – not an employer,N/A (posting source),N/A
Data Science Jobs (ai-jobs.net),https://ai-jobs.net/,N/A,Job Board / Talent Marketplace,Job aggregation / freelance marketplace – not an employer,N/A (posting source),N/A
DataJobs.com,https://datajobs.com/,N/A,Job Board / Talent Marketplace,Job aggregation / freelance marketplace – not an employer,N/A (posting source),N/A
iCrunchData,https://www.icrunchdata.com/jobs/,N/A,Job Board / Talent Marketplace,Job aggregation / freelance marketplace – not an employer,N/A (posting source),N/A
Kubernetes Jobs (kube.careers),https://kube.careers/,N/A,Job Board / Talent Marketplace,Job aggregation / freelance marketplace – not an employer,N/A (posting source),N/A
ClearanceJobs,https://www.clearancejobs.com/,N/A,Job Board / Talent Marketplace,Cleared/federal roles,N/A (posting source),N/A
USAJOBS,https://www.usajobs.gov/,N/A,Job Board / Talent Marketplace,Job aggregation / freelance marketplace – not an employer,N/A (posting source),N/A
GovernmentJobs.com,https://www.governmentjobs.com/,N/A,Job Board / Talent Marketplace,Job aggregation / freelance marketplace – not an employer,N/A (posting source),N/A
Ippon Technologies,https://us.ippon.tech/careers,Tier 2,Software Engineering Services (Nearshore / Offshore),"Product engineering, custom dev, nearshore/offshore delivery","W2 (FTE), offshore contracts",Limited – mostly offshore hiring; some US sponsorship
Nerdery,https://www.nerdery.com/careers,Tier 2,Software Engineering Services (Nearshore / Offshore),"Product engineering, custom dev, nearshore/offshore delivery","W2 (FTE), offshore contracts",Limited – mostly offshore hiring; some US sponsorship
Software Mind,https://softwaremind.com/careers/,Tier 2,Software Engineering Services (Nearshore / Offshore),"Product engineering, custom dev, nearshore/offshore delivery","W2 (FTE), offshore contracts",Limited – mostly offshore hiring; some US sponsorship
STX Next,https://www.stxnext.com/careers,Tier 2,Software Engineering Services (Nearshore / Offshore),"Product engineering, custom dev, nearshore/offshore delivery","W2 (FTE), offshore contracts",Limited – mostly offshore hiring; some US sponsorship
Netguru,https://www.netguru.com/career,Tier 2,Software Engineering Services (Nearshore / Offshore),"Product engineering, custom dev, nearshore/offshore delivery","W2 (FTE), offshore contracts",Limited – mostly offshore hiring; some US sponsorship
Miquido,https://www.miquido.com/careers/,Tier 2,Software Engineering Services (Nearshore / Offshore),"Product engineering, custom dev, nearshore/offshore delivery","W2 (FTE), offshore contracts",Limited – mostly offshore hiring; some US sponsorship
10Pearls,https://10pearls.com/careers/,Tier 2,Software Engineering Services (Nearshore / Offshore),"Product engineering, custom dev, nearshore/offshore delivery","W2 (FTE), offshore contracts",Limited – mostly offshore hiring; some US sponsorship
Arbisoft,https://arbisoft.com/careers,Tier 2,Software Engineering Services (Nearshore / Offshore),"Product engineering, custom dev, nearshore/offshore delivery","W2 (FTE), offshore contracts",Limited – mostly offshore hiring; some US sponsorship
Systems Limited,https://www.systemsltd.com/careers,Tier 2,Software Engineering Services (Nearshore / Offshore),"Product engineering, custom dev, nearshore/offshore delivery","W2 (FTE), offshore contracts",Limited – mostly offshore hiring; some US sponsorship
TkXel,https://tkxel.com/careers/,Tier 2,Software Engineering Services (Nearshore / Offshore),"Product engineering, custom dev, nearshore/offshore delivery","W2 (FTE), offshore contracts",Limited – mostly offshore hiring; some US sponsorship
Tintash,https://www.tintash.com/careers,Tier 2,Software Engineering Services (Nearshore / Offshore),"Product engineering, custom dev, nearshore/offshore delivery","W2 (FTE), offshore contracts",Limited – mostly offshore hiring; some US sponsorship
Simform,https://www.simform.com/careers/,Tier 2,Software Engineering Services (Nearshore / Offshore),"Product engineering, custom dev, nearshore/offshore delivery","W2 (FTE), offshore contracts",Limited – mostly offshore hiring; some US sponsorship
Tatvasoft,https://www.tatvasoft.com/careers,Tier 2,Software Engineering Services (Nearshore / Offshore),"Product engineering, custom dev, nearshore/offshore delivery","W2 (FTE), offshore contracts",Limited – mostly offshore hiring; some US sponsorship
Radixweb,https://radixweb.com/careers,Tier 2,Software Engineering Services (Nearshore / Offshore),"Product engineering, custom dev, nearshore/offshore delivery","W2 (FTE), offshore contracts",Limited – mostly offshore hiring; some US sponsorship
Mindbowser,https://www.mindbowser.com/careers/,Tier 2,Software Engineering Services (Nearshore / Offshore),"Product engineering, custom dev, nearshore/offshore delivery","W2 (FTE), offshore contracts",Limited – mostly offshore hiring; some US sponsorship
Fingent,https://www.fingent.com/careers/,Tier 2,Software Engineering Services (Nearshore / Offshore),"Product engineering, custom dev, nearshore/offshore delivery","W2 (FTE), offshore contracts",Limited – mostly offshore hiring; some US sponsorship
Chetu,https://www.chetu.com/careers.php,Tier 2,Software Engineering Services (Nearshore / Offshore),"Product engineering, custom dev, nearshore/offshore delivery","W2 (FTE), offshore contracts",Limited – mostly offshore hiring; some US sponsorship
Intellectsoft,https://www.intellectsoft.net/careers,Tier 2,Software Engineering Services (Nearshore / Offshore),"Product engineering, custom dev, nearshore/offshore delivery","W2 (FTE), offshore contracts",Limited – mostly offshore hiring; some US sponsorship
ScienceSoft,https://www.scnsoft.com/careers,Tier 2,Software Engineering Services (Nearshore / Offshore),"Product engineering, custom dev, nearshore/offshore delivery","W2 (FTE), offshore contracts",Limited – mostly offshore hiring; some US sponsorship
Itransition,https://www.itransition.com/careers,Tier 2,Software Engineering Services (Nearshore / Offshore),"Product engineering, custom dev, nearshore/offshore delivery","W2 (FTE), offshore contracts",Limited – mostly offshore hiring; some US sponsorship
Oxagile,https://www.oxagile.com/careers/,Tier 2,Software Engineering Services (Nearshore / Offshore),"Product engineering, custom dev, nearshore/offshore delivery","W2 (FTE), offshore contracts",Limited – mostly offshore hiring; some US sponsorship
Exadel,https://exadel.com/careers/,Tier 2,Software Engineering Services (Nearshore / Offshore),"Product engineering, custom dev, nearshore/offshore delivery","W2 (FTE), offshore contracts",Limited – mostly offshore hiring; some US sponsorship
DataArt,https://www.dataart.team/,Tier 2,Software Engineering Services (Nearshore / Offshore),"Product engineering, custom dev, nearshore/offshore delivery","W2 (FTE), offshore contracts",Limited – mostly offshore hiring; some US sponsorship
Andersen,https://andersenlab.com/careers,Tier 2,Software Engineering Services (Nearshore / Offshore),"Product engineering, custom dev, nearshore/offshore delivery","W2 (FTE), offshore contracts",Limited – mostly offshore hiring; some US sponsorship
Innowise,https://innowise.com/careers/,Tier 2,Software Engineering Services (Nearshore / Offshore),"Product engineering, custom dev, nearshore/offshore delivery","W2 (FTE), offshore contracts",Limited – mostly offshore hiring; some US sponsorship
Symphony Solutions,https://symphony-solutions.com/careers,Tier 2,Software Engineering Services (Nearshore / Offshore),"Product engineering, custom dev, nearshore/offshore delivery","W2 (FTE), offshore contracts",Limited – mostly offshore hiring; some US sponsorship
Svitla Systems,https://svitla.com/career,Tier 2,Software Engineering Services (Nearshore / Offshore),"Product engineering, custom dev, nearshore/offshore delivery","W2 (FTE), offshore contracts",Limited – mostly offshore hiring; some US sponsorship
ELEKS,https://eleks.com/careers/,Tier 2,Software Engineering Services (Nearshore / Offshore),"Product engineering, custom dev, nearshore/offshore delivery","W2 (FTE), offshore contracts",Limited – mostly offshore hiring; some US sponsorship
Scalefocus,https://www.scalefocus.com/careers,Tier 2,Software Engineering Services (Nearshore / Offshore),"Product engineering, custom dev, nearshore/offshore delivery","W2 (FTE), offshore contracts",Limited – mostly offshore hiring; some US sponsorship
Musala Soft,https://www.musala.com/careers/,Tier 2,Software Engineering Services (Nearshore / Offshore),"Product engineering, custom dev, nearshore/offshore delivery","W2 (FTE), offshore contracts",Limited – mostly offshore hiring; some US sponsorship
Jalasoft,https://www.jalasoft.com/careers,Tier 2,Software Engineering Services (Nearshore / Offshore),"Product engineering, custom dev, nearshore/offshore delivery","W2 (FTE), offshore contracts",Limited – mostly offshore hiring; some US sponsorship
Truelogic,https://www.truelogic.io/careers,Tier 2,Software Engineering Services (Nearshore / Offshore),"Product engineering, custom dev, nearshore/offshore delivery","W2 (FTE), offshore contracts",Limited – mostly offshore hiring; some US sponsorship
Nearsure,https://www.nearsure.com/careers,Tier 2,Software Engineering Services (Nearshore / Offshore),"Product engineering, custom dev, nearshore/offshore delivery","W2 (FTE), offshore contracts",Limited – mostly offshore hiring; some US sponsorship
Applaudo,https://applaudo.com/careers/,Tier 2,Software Engineering Services (Nearshore / Offshore),"Product engineering, custom dev, nearshore/offshore delivery","W2 (FTE), offshore contracts",Limited – mostly offshore hiring; some US sponsorship
CI&T,https://ciandt.com/us/en-us/careers,Tier 2,Software Engineering Services (Nearshore / Offshore),"Product engineering, custom dev, nearshore/offshore delivery","W2 (FTE), offshore contracts",Limited – mostly offshore hiring; some US sponsorship
Compass UOL,https://compass.uol/en/careers/,Tier 2,Software Engineering Services (Nearshore / Offshore),"Product engineering, custom dev, nearshore/offshore delivery","W2 (FTE), offshore contracts",Limited – mostly offshore hiring; some US sponsorship
ThoughtFocus,https://www.thoughtfocus.com/careers/,Tier 2,Software Engineering Services (Nearshore / Offshore),"Product engineering, custom dev, nearshore/offshore delivery","W2 (FTE), offshore contracts",Limited – mostly offshore hiring; some US sponsorship
Calsoft,https://www.calsoftinc.com/careers/,Tier 2,Software Engineering Services (Nearshore / Offshore),"Product engineering, custom dev, nearshore/offshore delivery","W2 (FTE), offshore contracts",Limited – mostly offshore hiring; some US sponsorship
eInfochips (Arrow),https://www.einfochips.com/careers/,Tier 2,Software Engineering Services (Nearshore / Offshore),"Product engineering, custom dev, nearshore/offshore delivery","W2 (FTE), offshore contracts",Limited – mostly offshore hiring; some US sponsorship
Tata Technologies,https://www.tatatechnologies.com/en/careers/,Tier 2,Software Engineering Services (Nearshore / Offshore),"Product engineering, custom dev, nearshore/offshore delivery","W2 (FTE), offshore contracts",Limited – mostly offshore hiring; some US sponsorship
Nihilent,https://www.nihilent.com/careers/,Tier 2,Software Engineering Services (Nearshore / Offshore),"Product engineering, custom dev, nearshore/offshore delivery","W2 (FTE), offshore contracts",Limited – mostly offshore hiring; some US sponsorship
Aurionpro,https://www.aurionpro.com/careers/,Tier 2,Software Engineering Services (Nearshore / Offshore),"Product engineering, custom dev, nearshore/offshore delivery","W2 (FTE), offshore contracts",Limited – mostly offshore hiring; some US sponsorship
Newgen Software,https://newgensoft.com/careers/,Tier 2,Software Engineering Services (Nearshore / Offshore),"Product engineering, custom dev, nearshore/offshore delivery","W2 (FTE), offshore contracts",Limited – mostly offshore hiring; some US sponsorship
Techjays,https://www.techjays.com/careers,Tier 2,Software Engineering Services (Nearshore / Offshore),"Product engineering, custom dev, nearshore/offshore delivery","W2 (FTE), offshore contracts",Limited – mostly offshore hiring; some US sponsorship
Apptad,https://www.apptad.com/careers,Tier 2,Software Engineering Services (Nearshore / Offshore),"Product engineering, custom dev, nearshore/offshore delivery","W2 (FTE), offshore contracts",Limited – mostly offshore hiring; some US sponsorship
Techolution,https://www.techolution.com/careers,Tier 2,Software Engineering Services (Nearshore / Offshore),"Product engineering, custom dev, nearshore/offshore delivery","W2 (FTE), offshore contracts",Limited – mostly offshore hiring; some US sponsorship
Clarion Technologies,https://www.clariontech.com/careers,Tier 2,Software Engineering Services (Nearshore / Offshore),"Product engineering, custom dev, nearshore/offshore delivery","W2 (FTE), offshore contracts",Limited – mostly offshore hiring; some US sponsorship
Cuelogic (LTI),https://www.cuelogic.com/careers,Tier 2,Software Engineering Services (Nearshore / Offshore),"Product engineering, custom dev, nearshore/offshore delivery","W2 (FTE), offshore contracts",Limited – mostly offshore hiring; some US sponsorship
Grazitti Interactive,https://www.grazitti.com/careers/,Tier 2,Software Engineering Services (Nearshore / Offshore),"Product engineering, custom dev, nearshore/offshore delivery","W2 (FTE), offshore contracts",Limited – mostly offshore hiring; some US sponsorship
Hidden Brains,https://www.hiddenbrains.com/careers.html,Tier 2,Software Engineering Services (Nearshore / Offshore),"Product engineering, custom dev, nearshore/offshore delivery","W2 (FTE), offshore contracts",Limited – mostly offshore hiring; some US sponsorship
Indium Software,https://www.indiumsoftware.com/careers/,Tier 2,Software Engineering Services (Nearshore / Offshore),"Product engineering, custom dev, nearshore/offshore delivery","W2 (FTE), offshore contracts",Limited – mostly offshore hiring; some US sponsorship
Mindfire Solutions,https://www.mindfiresolutions.com/careers/,Tier 2,Software Engineering Services (Nearshore / Offshore),"Product engineering, custom dev, nearshore/offshore delivery","W2 (FTE), offshore contracts",Limited – mostly offshore hiring; some US sponsorship
Mobisoft Infotech,https://mobisoftinfotech.com/careers,Tier 2,Software Engineering Services (Nearshore / Offshore),"Product engineering, custom dev, nearshore/offshore delivery","W2 (FTE), offshore contracts",Limited – mostly offshore hiring; some US sponsorship
Net Solutions,https://www.netsolutions.com/careers/,Tier 2,Software Engineering Services (Nearshore / Offshore),"Product engineering, custom dev, nearshore/offshore delivery","W2 (FTE), offshore contracts",Limited – mostly offshore hiring; some US sponsorship
OpenXcell,https://www.openxcell.com/careers,Tier 2,Software Engineering Services (Nearshore / Offshore),"Product engineering, custom dev, nearshore/offshore delivery","W2 (FTE), offshore contracts",Limited – mostly offshore hiring; some US sponsorship
Prismetric,https://www.prismetric.com/careers/,Tier 2,Software Engineering Services (Nearshore / Offshore),"Product engineering, custom dev, nearshore/offshore delivery","W2 (FTE), offshore contracts",Limited – mostly offshore hiring; some US sponsorship
Programmers.io,https://programmers.io/careers/,Tier 2,Software Engineering Services (Nearshore / Offshore),"Product engineering, custom dev, nearshore/offshore delivery","W2 (FTE), offshore contracts",Limited – mostly offshore hiring; some US sponsorship
QSS Technosoft,https://www.qsstechnosoft.com/careers,Tier 2,Software Engineering Services (Nearshore / Offshore),"Product engineering, custom dev, nearshore/offshore delivery","W2 (FTE), offshore contracts",Limited – mostly offshore hiring; some US sponsorship
Rapidops,https://www.rapidops.com/careers/,Tier 2,Software Engineering Services (Nearshore / Offshore),"Product engineering, custom dev, nearshore/offshore delivery","W2 (FTE), offshore contracts",Limited – mostly offshore hiring; some US sponsorship
Sigma Infosolutions,https://www.sigmainfo.net/careers,Tier 2,Software Engineering Services (Nearshore / Offshore),"Product engineering, custom dev, nearshore/offshore delivery","W2 (FTE), offshore contracts",Limited – mostly offshore hiring; some US sponsorship
SoluLab,https://www.solulab.com/careers,Tier 2,Software Engineering Services (Nearshore / Offshore),"Product engineering, custom dev, nearshore/offshore delivery","W2 (FTE), offshore contracts",Limited – mostly offshore hiring; some US sponsorship
Space-O Technologies,https://www.spaceotechnologies.com/careers/,Tier 2,Software Engineering Services (Nearshore / Offshore),"Product engineering, custom dev, nearshore/offshore delivery","W2 (FTE), offshore contracts",Limited – mostly offshore hiring; some US sponsorship
Systango,https://www.systango.com/careers,Tier 2,Software Engineering Services (Nearshore / Offshore),"Product engineering, custom dev, nearshore/offshore delivery","W2 (FTE), offshore contracts",Limited – mostly offshore hiring; some US sponsorship
TechAhead,https://www.techaheadcorp.com/careers/,Tier 2,Software Engineering Services (Nearshore / Offshore),"Product engineering, custom dev, nearshore/offshore delivery","W2 (FTE), offshore contracts",Limited – mostly offshore hiring; some US sponsorship
ThinkSys,https://www.thinksys.com/careers/,Tier 2,Software Engineering Services (Nearshore / Offshore),"Product engineering, custom dev, nearshore/offshore delivery","W2 (FTE), offshore contracts",Limited – mostly offshore hiring; some US sponsorship
Unified Infotech,https://www.unifiedinfotech.net/careers/,Tier 2,Software Engineering Services (Nearshore / Offshore),"Product engineering, custom dev, nearshore/offshore delivery","W2 (FTE), offshore contracts",Limited – mostly offshore hiring; some US sponsorship
XenonStack,https://www.xenonstack.com/careers,Tier 2,Software Engineering Services (Nearshore / Offshore),"Product engineering, custom dev, nearshore/offshore delivery","W2 (FTE), offshore contracts",Limited – mostly offshore hiring; some US sponsorship
Zymr,https://www.zymr.com/careers,Tier 2,Software Engineering Services (Nearshore / Offshore),"Product engineering, custom dev, nearshore/offshore delivery","W2 (FTE), offshore contracts",Limited – mostly offshore hiring; some US sponsorship
Bridge Technical Talent,https://www.bridgetechnicaltalent.com/jobs,Tier 3,IT Staffing (Regional / Boutique),"Regional/boutique IT staffing; sub-vendor to primes; app dev, data, infra, QA","C2C, W2, C2H",Likely – verify per role
Comrise,https://www.comrise.com/jobs,Tier 3,IT Staffing (Regional / Boutique),"Regional/boutique IT staffing; sub-vendor to primes; app dev, data, infra, QA","C2C, W2, C2H",Likely – verify per role
Dahl Consulting,https://www.dahlconsulting.com/jobs,Tier 3,IT Staffing (Regional / Boutique),"Regional/boutique IT staffing; sub-vendor to primes; app dev, data, infra, QA","C2C, W2, C2H",Likely – verify per role
Daley and Associates,https://www.daleyaa.com/jobs,Tier 3,IT Staffing (Regional / Boutique),"Regional/boutique IT staffing; sub-vendor to primes; app dev, data, infra, QA","C2C, W2, C2H",Likely – verify per role
Digital Prospectors,https://www.digitalprospectors.com/jobs,Tier 3,IT Staffing (Regional / Boutique),"Regional/boutique IT staffing; sub-vendor to primes; app dev, data, infra, QA","C2C, W2, C2H",Likely – verify per role
Entegee,https://www.entegee.com/jobs,Tier 3,IT Staffing (Regional / Boutique),"Regional/boutique IT staffing; sub-vendor to primes; app dev, data, infra, QA","C2C, W2, C2H",Likely – verify per role
ESPO Corporation,https://www.espocorp.com/jobs,Tier 3,IT Staffing (Regional / Boutique),"Regional/boutique IT staffing; sub-vendor to primes; app dev, data, infra, QA","C2C, W2, C2H",Likely – verify per role
Fahrenheit IT,https://www.fahrenheitit.com/jobs,Tier 3,IT Staffing (Regional / Boutique),"Regional/boutique IT staffing; sub-vendor to primes; app dev, data, infra, QA","C2C, W2, C2H",Likely – verify per role
Hollister Staffing,https://www.hollisterstaff.com/jobs,Tier 3,IT Staffing (Regional / Boutique),"Regional/boutique IT staffing; sub-vendor to primes; app dev, data, infra, QA","C2C, W2, C2H",Likely – verify per role
Huxley,https://www.huxley.com/jobs,Tier 3,IT Staffing (Regional / Boutique),"Regional/boutique IT staffing; sub-vendor to primes; app dev, data, infra, QA","C2C, W2, C2H",Likely – verify per role
IDR Inc,https://www.idr-inc.com/jobs,Tier 3,IT Staffing (Regional / Boutique),"Regional/boutique IT staffing; sub-vendor to primes; app dev, data, infra, QA","C2C, W2, C2H",Likely – verify per role
Instant Technology,https://www.instanttechnology.com/jobs,Tier 3,IT Staffing (Regional / Boutique),"Regional/boutique IT staffing; sub-vendor to primes; app dev, data, infra, QA","C2C, W2, C2H",Likely – verify per role
Irvine Technology Corporation,https://www.irvinetechcorp.com/jobs,Tier 3,IT Staffing (Regional / Boutique),"Regional/boutique IT staffing; sub-vendor to primes; app dev, data, infra, QA","C2C, W2, C2H",Likely – verify per role
K2 Partnering Solutions,https://www.k2partnering.com/jobs,Tier 3,IT Staffing (Regional / Boutique),"Regional/boutique IT staffing; sub-vendor to primes; app dev, data, infra, QA","C2C, W2, C2H",Likely – verify per role
Knowledge Services,https://www.knowledgeservices.com/careers,Tier 3,IT Staffing (Regional / Boutique),"Regional/boutique IT staffing; sub-vendor to primes; app dev, data, infra, QA","C2C, W2, C2H",Likely – verify per role
Mainz Brady Group,https://www.mainzbradygroup.com/jobs,Tier 3,IT Staffing (Regional / Boutique),"Regional/boutique IT staffing; sub-vendor to primes; app dev, data, infra, QA","C2C, W2, C2H",Likely – verify per role
Meridian Technology Group,https://www.mtg.com/jobs,Tier 3,IT Staffing (Regional / Boutique),"Regional/boutique IT staffing; sub-vendor to primes; app dev, data, infra, QA","C2C, W2, C2H",Likely – verify per role
Nelson Connects,https://www.nelsonconnects.com/jobs,Tier 3,IT Staffing (Regional / Boutique),"Regional/boutique IT staffing; sub-vendor to primes; app dev, data, infra, QA","C2C, W2, C2H",Likely – verify per role
New Era Technology,https://www.neweratech.com/us/careers/,Tier 3,IT Staffing (Regional / Boutique),"Regional/boutique IT staffing; sub-vendor to primes; app dev, data, infra, QA","C2C, W2, C2H",Likely – verify per role
Norwin Technologies,https://www.norwintechnologies.com/careers,Tier 3,IT Staffing (Regional / Boutique),"Regional/boutique IT staffing; sub-vendor to primes; app dev, data, infra, QA","C2C, W2, C2H",Likely – verify per role
Optomi,https://www.optomi.com/jobs/,Tier 3,IT Staffing (Regional / Boutique),"Regional/boutique IT staffing; sub-vendor to primes; app dev, data, infra, QA","C2C, W2, C2H",Likely – verify per role
Paladin Consulting,https://www.paladinconsulting.com/jobs,Tier 3,IT Staffing (Regional / Boutique),"Regional/boutique IT staffing; sub-vendor to primes; app dev, data, infra, QA","C2C, W2, C2H",Likely – verify per role
Prosum,https://www.prosum.com/jobs,Tier 3,IT Staffing (Regional / Boutique),"Regional/boutique IT staffing; sub-vendor to primes; app dev, data, infra, QA","C2C, W2, C2H",Likely – verify per role
RemX (EmployBridge),https://www.remx.com/jobs,Tier 3,IT Staffing (Regional / Boutique),"Regional/boutique IT staffing; sub-vendor to primes; app dev, data, infra, QA","C2C, W2, C2H",Likely – verify per role
Signature Technology Group,https://www.stgusa.com/careers,Tier 3,IT Staffing (Regional / Boutique),"Regional/boutique IT staffing; sub-vendor to primes; app dev, data, infra, QA","C2C, W2, C2H",Likely – verify per role
SkillStorm,https://www.skillstorm.com/careers,Tier 3,IT Staffing (Regional / Boutique),"Regional/boutique IT staffing; sub-vendor to primes; app dev, data, infra, QA","C2C, W2, C2H",Likely – verify per role
Solving IT,https://www.solvingit.com/jobs,Tier 3,IT Staffing (Regional / Boutique),"Regional/boutique IT staffing; sub-vendor to primes; app dev, data, infra, QA","C2C, W2, C2H",Likely – verify per role
Strive Consulting,https://www.striveconsulting.com/careers,Tier 3,IT Staffing (Regional / Boutique),"Regional/boutique IT staffing; sub-vendor to primes; app dev, data, infra, QA","C2C, W2, C2H",Likely – verify per role
Suna Solutions,https://www.sunasolutions.com/jobs,Tier 3,IT Staffing (Regional / Boutique),"Regional/boutique IT staffing; sub-vendor to primes; app dev, data, infra, QA","C2C, W2, C2H",Likely – verify per role
Swoon,https://www.swoonstaffing.com/jobs,Tier 3,IT Staffing (Regional / Boutique),"Regional/boutique IT staffing; sub-vendor to primes; app dev, data, infra, QA","C2C, W2, C2H",Likely – verify per role
Tailored Management,https://www.tailoredmanagement.com/jobs,Tier 3,IT Staffing (Regional / Boutique),"Regional/boutique IT staffing; sub-vendor to primes; app dev, data, infra, QA","C2C, W2, C2H",Likely – verify per role
TechnoSmarts,https://www.technosmarts.com/jobs,Tier 3,IT Staffing (Regional / Boutique),"Regional/boutique IT staffing; sub-vendor to primes; app dev, data, infra, QA","C2C, W2, C2H",Likely – verify per role
The Bachrach Group,https://www.bachrachgroup.com/jobs,Tier 3,IT Staffing (Regional / Boutique),"Regional/boutique IT staffing; sub-vendor to primes; app dev, data, infra, QA","C2C, W2, C2H",Likely – verify per role
The Davis Companies,https://www.daviscos.com/jobs,Tier 3,IT Staffing (Regional / Boutique),"Regional/boutique IT staffing; sub-vendor to primes; app dev, data, infra, QA","C2C, W2, C2H",Likely – verify per role
The Mice Groups,https://www.micegroups.com/jobs,Tier 3,IT Staffing (Regional / Boutique),"Regional/boutique IT staffing; sub-vendor to primes; app dev, data, infra, QA","C2C, W2, C2H",Likely – verify per role
The Squires Group,https://www.squiresgroup.com/jobs,Tier 3,IT Staffing (Regional / Boutique),"Regional/boutique IT staffing; sub-vendor to primes; app dev, data, infra, QA","C2C, W2, C2H",Likely – verify per role
Triple Crown Consulting,https://www.tripcrown.com/jobs,Tier 3,IT Staffing (Regional / Boutique),"Regional/boutique IT staffing; sub-vendor to primes; app dev, data, infra, QA","C2C, W2, C2H",Likely – verify per role
Vincent Benjamin,https://www.vincentbenjamin.com/jobs,Tier 3,IT Staffing (Regional / Boutique),"Regional/boutique IT staffing; sub-vendor to primes; app dev, data, infra, QA","C2C, W2, C2H",Likely – verify per role
VIVA USA,https://www.viva-it.com/careers,Tier 3,IT Staffing (Regional / Boutique),"Regional/boutique IT staffing; sub-vendor to primes; app dev, data, infra, QA","C2C, W2, C2H",Likely – verify per role
Adex Corporation,https://www.adexcorp.com/careers,Tier 3,IT Staffing (Regional / Boutique),"Regional/boutique IT staffing; sub-vendor to primes; app dev, data, infra, QA","C2C, W2, C2H",Likely – verify per role
AgreeYa Solutions,https://agreeya.com/careers/,Tier 3,IT Staffing (Regional / Boutique),"Regional/boutique IT staffing; sub-vendor to primes; app dev, data, infra, QA","C2C, W2, C2H",Likely – verify per role
AIM Consulting,https://aimconsulting.com/careers/,Tier 3,IT Staffing (Regional / Boutique),"Regional/boutique IT staffing; sub-vendor to primes; app dev, data, infra, QA","C2C, W2, C2H",Likely – verify per role
Amtec,https://www.amtec.us.com/jobs,Tier 3,IT Staffing (Regional / Boutique),"Regional/boutique IT staffing; sub-vendor to primes; app dev, data, infra, QA","C2C, W2, C2H",Likely – verify per role
Apex 2000 Inc,https://www.apex2000.com/careers,Tier 3,IT Staffing (Regional / Boutique),"Regional/boutique IT staffing; sub-vendor to primes; app dev, data, infra, QA","C2C, W2, C2H",Likely – verify per role
Astir IT Solutions,https://www.astirit.com/careers,Tier 3,IT Staffing (Regional / Boutique),"Regional/boutique IT staffing; sub-vendor to primes; app dev, data, infra, QA","C2C, W2, C2H",Likely – verify per role
Avesta Computer Services,https://www.avestainc.com/careers,Tier 3,IT Staffing (Regional / Boutique),"Regional/boutique IT staffing; sub-vendor to primes; app dev, data, infra, QA","C2C, W2, C2H",Likely – verify per role
Bayside Solutions,https://www.baysidesolutions.com/jobs,Tier 3,IT Staffing (Regional / Boutique),"Regional/boutique IT staffing; sub-vendor to primes; app dev, data, infra, QA","C2C, W2, C2H",Likely – verify per role
Beacon Systems,https://www.beaconsystems.com/careers,Tier 3,IT Staffing (Regional / Boutique),"Regional/boutique IT staffing; sub-vendor to primes; app dev, data, infra, QA","C2C, W2, C2H",Likely – verify per role
Cerebra Consulting,https://www.cerebra-consulting.com/careers,Tier 3,IT Staffing (Regional / Boutique),"Regional/boutique IT staffing; sub-vendor to primes; app dev, data, infra, QA","C2C, W2, C2H",Likely – verify per role
Cloud Big Data Technologies,https://www.cloudbigd.com/careers,Tier 3,IT Staffing (Regional / Boutique),"Regional/boutique IT staffing; sub-vendor to primes; app dev, data, infra, QA","C2C, W2, C2H",Likely – verify per role
Conexess Group,https://www.conexess.com/jobs,Tier 3,IT Staffing (Regional / Boutique),"Regional/boutique IT staffing; sub-vendor to primes; app dev, data, infra, QA","C2C, W2, C2H",Likely – verify per role
CyberThink,https://www.cyberthink.com/careers,Tier 3,IT Staffing (Regional / Boutique),"Regional/boutique IT staffing; sub-vendor to primes; app dev, data, infra, QA","C2C, W2, C2H",Likely – verify per role
DatamanUSA,https://www.datamanusa.com/careers,Tier 3,IT Staffing (Regional / Boutique),"Regional/boutique IT staffing; sub-vendor to primes; app dev, data, infra, QA","C2C, W2, C2H",Likely – verify per role
Digital Management LLC (DMI),https://dminc.com/careers/,Tier 3,IT Staffing (Regional / Boutique),"Regional/boutique IT staffing; sub-vendor to primes; app dev, data, infra, QA","C2C, W2, C2H",Likely – verify per role
DynPro,https://www.dynpro.com/careers,Tier 3,IT Staffing (Regional / Boutique),"Regional/boutique IT staffing; sub-vendor to primes; app dev, data, infra, QA","C2C, W2, C2H",Likely – verify per role
Elite Technical,https://www.elitetechnical.com/jobs,Tier 3,IT Staffing (Regional / Boutique),"Regional/boutique IT staffing; sub-vendor to primes; app dev, data, infra, QA","C2C, W2, C2H",Likely – verify per role
Empower Professionals,https://www.empowerprofessionals.com/careers,Tier 3,IT Staffing (Regional / Boutique),"Regional/boutique IT staffing; sub-vendor to primes; app dev, data, infra, QA","C2C, W2, C2H",Likely – verify per role
Emerald Resource Group,https://www.emeraldresourcegroup.com/jobs,Tier 3,IT Staffing (Regional / Boutique),"Regional/boutique IT staffing; sub-vendor to primes; app dev, data, infra, QA","C2C, W2, C2H",Likely – verify per role
Fidelis Companies,https://www.fideliscompanies.com/jobs,Tier 3,IT Staffing (Regional / Boutique),"Regional/boutique IT staffing; sub-vendor to primes; app dev, data, infra, QA","C2C, W2, C2H",Likely – verify per role
Firstpro,https://www.firstpro.com/jobs,Tier 3,IT Staffing (Regional / Boutique),"Regional/boutique IT staffing; sub-vendor to primes; app dev, data, infra, QA","C2C, W2, C2H",Likely – verify per role
FSTONE Technologies,https://www.fstonetech.com/careers,Tier 3,IT Staffing (Regional / Boutique),"Regional/boutique IT staffing; sub-vendor to primes; app dev, data, infra, QA","C2C, W2, C2H",Likely – verify per role
GavinHeath,https://www.gavinheath.com/jobs,Tier 3,IT Staffing (Regional / Boutique),"Regional/boutique IT staffing; sub-vendor to primes; app dev, data, infra, QA","C2C, W2, C2H",Likely – verify per role
Genuent,https://www.genuent.com/jobs,Tier 3,IT Staffing (Regional / Boutique),"Regional/boutique IT staffing; sub-vendor to primes; app dev, data, infra, QA","C2C, W2, C2H",Likely – verify per role
Healthcare IT Leaders,https://www.healthcareitleaders.com/jobs/,Tier 3,IT Staffing (Regional / Boutique),"Regional/boutique IT staffing; sub-vendor to primes; app dev, data, infra, QA","C2C, W2, C2H",Likely – verify per role
Hire IT People,https://www.hireitpeople.com/jobs,Tier 3,IT Staffing (Regional / Boutique),"Regional/boutique IT staffing; sub-vendor to primes; app dev, data, infra, QA","C2C, W2, C2H",Likely – verify per role
iMCS Group,https://www.imcsgroup.net/careers,Tier 3,IT Staffing (Regional / Boutique),"Regional/boutique IT staffing; sub-vendor to primes; app dev, data, infra, QA","C2C, W2, C2H",Likely – verify per role
Indotronix Avani Group (IAG),https://www.indotronix.com/careers,Tier 3,IT Staffing (Regional / Boutique),"Regional/boutique IT staffing; sub-vendor to primes; app dev, data, infra, QA","C2C, W2, C2H",Likely – verify per role
iTech Solutions Group,https://www.itechsolutionsgroup.com/careers,Tier 3,IT Staffing (Regional / Boutique),"Regional/boutique IT staffing; sub-vendor to primes; app dev, data, infra, QA","C2C, W2, C2H",Likely – verify per role
Key Business Solutions,https://www.keybusinesssolutions.com/careers,Tier 3,IT Staffing (Regional / Boutique),"Regional/boutique IT staffing; sub-vendor to primes; app dev, data, infra, QA","C2C, W2, C2H",Likely – verify per role
Lighthouse Professional Services,https://www.lighthouseprofessionalservices.com/jobs,Tier 3,IT Staffing (Regional / Boutique),"Regional/boutique IT staffing; sub-vendor to primes; app dev, data, infra, QA","C2C, W2, C2H",Likely – verify per role
Magnus Technology Solutions,https://www.magnustechnol.com/careers,Tier 3,IT Staffing (Regional / Boutique),"Regional/boutique IT staffing; sub-vendor to primes; app dev, data, infra, QA","C2C, W2, C2H",Likely – verify per role
Millennium Software,https://www.millenniumsoft.com/careers,Tier 3,IT Staffing (Regional / Boutique),"Regional/boutique IT staffing; sub-vendor to primes; app dev, data, infra, QA","C2C, W2, C2H",Likely – verify per role
MindSource,https://www.mindsource.com/jobs,Tier 3,IT Staffing (Regional / Boutique),"Regional/boutique IT staffing; sub-vendor to primes; app dev, data, infra, QA","C2C, W2, C2H",Likely – verify per role
Momentum Resource Solutions,https://www.momentumrs.com/jobs,Tier 3,IT Staffing (Regional / Boutique),"Regional/boutique IT staffing; sub-vendor to primes; app dev, data, infra, QA","C2C, W2, C2H",Likely – verify per role
OSI Engineering,https://www.osiengineering.com/jobs,Tier 3,IT Staffing (Regional / Boutique),"Regional/boutique IT staffing; sub-vendor to primes; app dev, data, infra, QA","C2C, W2, C2H",Likely – verify per role
Overture Partners,https://www.overturepartners.com/jobs,Tier 3,IT Staffing (Regional / Boutique),"Regional/boutique IT staffing; sub-vendor to primes; app dev, data, infra, QA","C2C, W2, C2H",Likely – verify per role
Paradigm Technology,https://www.pt-corp.com/careers,Tier 3,IT Staffing (Regional / Boutique),"Regional/boutique IT staffing; sub-vendor to primes; app dev, data, infra, QA","C2C, W2, C2H",Likely – verify per role
Perennial Resources International,https://www.perennialresources.com/jobs,Tier 3,IT Staffing (Regional / Boutique),"Regional/boutique IT staffing; sub-vendor to primes; app dev, data, infra, QA","C2C, W2, C2H",Likely – verify per role
Primary Talent Partners,https://www.primarytalentpartners.com/jobs,Tier 3,IT Staffing (Regional / Boutique),"Regional/boutique IT staffing; sub-vendor to primes; app dev, data, infra, QA","C2C, W2, C2H",Likely – verify per role
Princeton Information,https://www.princetoninformation.com/jobs,Tier 3,IT Staffing (Regional / Boutique),"Regional/boutique IT staffing; sub-vendor to primes; app dev, data, infra, QA","C2C, W2, C2H",Likely – verify per role
Purple Drive Technologies,https://www.purpledrive.com/careers,Tier 3,IT Staffing (Regional / Boutique),"Regional/boutique IT staffing; sub-vendor to primes; app dev, data, infra, QA","C2C, W2, C2H",Likely – verify per role
Q1 Technologies,https://www.q1tech.com/careers,Tier 3,IT Staffing (Regional / Boutique),"Regional/boutique IT staffing; sub-vendor to primes; app dev, data, infra, QA","C2C, W2, C2H",Likely – verify per role
Radiansys,https://www.radiansys.com/careers,Tier 3,IT Staffing (Regional / Boutique),"Regional/boutique IT staffing; sub-vendor to primes; app dev, data, infra, QA","C2C, W2, C2H",Likely – verify per role
Reliance Global Services,https://www.reliancegs.com/careers,Tier 3,IT Staffing (Regional / Boutique),"Regional/boutique IT staffing; sub-vendor to primes; app dev, data, infra, QA","C2C, W2, C2H",Likely – verify per role
Reveille Technologies,https://www.reveilletechnologies.com/careers,Tier 3,IT Staffing (Regional / Boutique),"Regional/boutique IT staffing; sub-vendor to primes; app dev, data, infra, QA","C2C, W2, C2H",Likely – verify per role
SearchPros Solutions,https://www.searchprossolutions.com/careers,Tier 3,IT Staffing (Regional / Boutique),"Regional/boutique IT staffing; sub-vendor to primes; app dev, data, infra, QA","C2C, W2, C2H",Likely – verify per role
Silverxis,https://www.silverxis.com/careers,Tier 3,IT Staffing (Regional / Boutique),"Regional/boutique IT staffing; sub-vendor to primes; app dev, data, infra, QA","C2C, W2, C2H",Likely – verify per role
Software People Inc,https://www.softwarepeople.us/careers,Tier 3,IT Staffing (Regional / Boutique),"Regional/boutique IT staffing; sub-vendor to primes; app dev, data, infra, QA","C2C, W2, C2H",Likely – verify per role
Solugenix,https://www.solugenix.com/careers,Tier 3,IT Staffing (Regional / Boutique),"Regional/boutique IT staffing; sub-vendor to primes; app dev, data, infra, QA","C2C, W2, C2H",Likely – verify per role
Steneral Consulting,https://www.steneral.com/careers,Tier 3,IT Staffing (Regional / Boutique),"Regional/boutique IT staffing; sub-vendor to primes; app dev, data, infra, QA","C2C, W2, C2H",Likely – verify per role
SysTechCorp,https://www.systechcorp.com/careers,Tier 3,IT Staffing (Regional / Boutique),"Regional/boutique IT staffing; sub-vendor to primes; app dev, data, infra, QA","C2C, W2, C2H",Likely – verify per role
Tential,https://www.tential.com/jobs,Tier 3,IT Staffing (Regional / Boutique),"Regional/boutique IT staffing; sub-vendor to primes; app dev, data, infra, QA","C2C, W2, C2H",Likely – verify per role
Vedainfo,https://www.vedainfo.com/careers,Tier 3,IT Staffing (Regional / Boutique),"Regional/boutique IT staffing; sub-vendor to primes; app dev, data, infra, QA","C2C, W2, C2H",Likely – verify per role
VLink,https://vlinkinfo.com/careers/,Tier 3,IT Staffing (Regional / Boutique),"Regional/boutique IT staffing; sub-vendor to primes; app dev, data, infra, QA","C2C, W2, C2H",Likely – verify per role
Winmax Systems,https://www.winmaxcorp.com/careers,Tier 3,IT Staffing (Regional / Boutique),"Regional/boutique IT staffing; sub-vendor to primes; app dev, data, infra, QA","C2C, W2, C2H",Likely – verify per role
Wollborg Michelson,https://www.wollborg.com/jobs,Tier 3,IT Staffing (Regional / Boutique),"Regional/boutique IT staffing; sub-vendor to primes; app dev, data, infra, QA","C2C, W2, C2H",Likely – verify per role
Zenex Partners,https://www.zenexpartners.com/careers,Tier 3,IT Staffing (Regional / Boutique),"Regional/boutique IT staffing; sub-vendor to primes; app dev, data, infra, QA","C2C, W2, C2H",Likely – verify per role
Emonics LLC,https://www.emonics.com/careers,Tier 3,IT Staffing (Regional / Boutique),"Regional/boutique IT staffing; sub-vendor to primes; app dev, data, infra, QA","C2C, W2, C2H",Likely – verify per role
Infomatics Corporation,https://www.infomaticscorp.com/careers,Tier 3,IT Staffing (Regional / Boutique),"Regional/boutique IT staffing; sub-vendor to primes; app dev, data, infra, QA","C2C, W2, C2H",Likely – verify per role
IT People Corporation,https://www.itpeoplecorp.com/careers,Tier 3,IT Staffing (Regional / Boutique),"Regional/boutique IT staffing; sub-vendor to primes; app dev, data, infra, QA","C2C, W2, C2H",Likely – verify per role
K-Tek Resourcing,https://www.ktekresourcing.com/jobs,Tier 3,IT Staffing (Regional / Boutique),"Regional/boutique IT staffing; sub-vendor to primes; app dev, data, infra, QA","C2C, W2, C2H",Likely – verify per role
Lucid Technologies,https://www.lucidtechinc.com/careers,Tier 3,IT Staffing (Regional / Boutique),"Regional/boutique IT staffing; sub-vendor to primes; app dev, data, infra, QA","C2C, W2, C2H",Likely – verify per role
Microexcel,https://www.microexcel.com/careers,Tier 3,IT Staffing (Regional / Boutique),"Regional/boutique IT staffing; sub-vendor to primes; app dev, data, infra, QA","C2C, W2, C2H",Likely – verify per role
MMC Group,https://www.mmcgrp.com/jobs,Tier 3,IT Staffing (Regional / Boutique),"Regional/boutique IT staffing; sub-vendor to primes; app dev, data, infra, QA","C2C, W2, C2H",Likely – verify per role
Pace Computer Solutions,https://www.pacecomputer.com/careers,Tier 3,IT Staffing (Regional / Boutique),"Regional/boutique IT staffing; sub-vendor to primes; app dev, data, infra, QA","C2C, W2, C2H",Likely – verify per role
Powersolv,https://www.powersolv.com/careers,Tier 3,IT Staffing (Regional / Boutique),"Regional/boutique IT staffing; sub-vendor to primes; app dev, data, infra, QA","C2C, W2, C2H",Likely – verify per role
Quadrant Resource,https://www.quadrantresource.com/careers,Tier 3,IT Staffing (Regional / Boutique),"Regional/boutique IT staffing; sub-vendor to primes; app dev, data, infra, QA","C2C, W2, C2H",Likely – verify per role
Softnice,https://www.softnice.com/careers,Tier 3,IT Staffing (Regional / Boutique),"Regional/boutique IT staffing; sub-vendor to primes; app dev, data, infra, QA","C2C, W2, C2H",Likely – verify per role
SoftSages Technology,https://www.softsages.com/careers,Tier 3,IT Staffing (Regional / Boutique),"Regional/boutique IT staffing; sub-vendor to primes; app dev, data, infra, QA","C2C, W2, C2H",Likely – verify per role
Themesoft,https://www.themesoft.com/careers,Tier 3,IT Staffing (Regional / Boutique),"Regional/boutique IT staffing; sub-vendor to primes; app dev, data, infra, QA","C2C, W2, C2H",Likely – verify per role
Wits Solutions,https://www.witssolutions.com/careers,Tier 3,IT Staffing (Regional / Boutique),"Regional/boutique IT staffing; sub-vendor to primes; app dev, data, infra, QA","C2C, W2, C2H",Likely – verify per role
Sonsoft Inc,https://www.sonsoft.com/careers,Tier 3,IT Staffing (Regional / Boutique),"Regional/boutique IT staffing; sub-vendor to primes; app dev, data, infra, QA","C2C, W2, C2H",Likely – verify per role
Tekmark Global Solutions,https://www.tekmark.com/careers,Tier 3,IT Staffing (Regional / Boutique),"Regional/boutique IT staffing; sub-vendor to primes; app dev, data, infra, QA","C2C, W2, C2H",Likely – verify per role
Ntelicor,https://www.ntelicor.com/jobs,Tier 3,IT Staffing (Regional / Boutique),"Regional/boutique IT staffing; sub-vendor to primes; app dev, data, infra, QA","C2C, W2, C2H",Likely – verify per role
Compest Solutions,https://www.compestsolutions.com/careers,Tier 3,IT Staffing (Regional / Boutique),"Regional/boutique IT staffing; sub-vendor to primes; app dev, data, infra, QA","C2C, W2, C2H",Likely – verify per role
Cortex Consultants,https://www.cortexconsultants.com/careers,Tier 3,IT Staffing (Regional / Boutique),"Regional/boutique IT staffing; sub-vendor to primes; app dev, data, infra, QA","C2C, W2, C2H",Likely – verify per role
Logic Planet,https://www.logicplanet.com/careers,Tier 3,IT Staffing (Regional / Boutique),"Regional/boutique IT staffing; sub-vendor to primes; app dev, data, infra, QA","C2C, W2, C2H",Likely – verify per role
Nexien,https://www.nexien.com/careers,Tier 3,IT Staffing (Regional / Boutique),"Regional/boutique IT staffing; sub-vendor to primes; app dev, data, infra, QA","C2C, W2, C2H",Likely – verify per role
Panzer Solutions,https://www.panzersolutions.com/careers,Tier 3,IT Staffing (Regional / Boutique),"Regional/boutique IT staffing; sub-vendor to primes; app dev, data, infra, QA","C2C, W2, C2H",Likely – verify per role
Perfict Global,https://www.perfictglobal.com/careers,Tier 3,IT Staffing (Regional / Boutique),"Regional/boutique IT staffing; sub-vendor to primes; app dev, data, infra, QA","C2C, W2, C2H",Likely – verify per role
Valiantica,https://www.valiantica.com/careers,Tier 3,IT Staffing (Regional / Boutique),"Regional/boutique IT staffing; sub-vendor to primes; app dev, data, infra, QA","C2C, W2, C2H",Likely – verify per role
Eleven Recruiting,https://www.elevenrecruiting.com/jobs,Tier 3,IT Staffing (Regional / Boutique),"Regional/boutique IT staffing; sub-vendor to primes; app dev, data, infra, QA","C2C, W2, C2H",Likely – verify per role
InterWorks,https://interworks.com/careers/,Tier 2,"Data, Analytics & AI Consulting","Tableau, Snowflake, data","W2 (FTE), some C2C via partners",Varies – many sponsor; verify
Montreal Analytics,https://montrealanalytics.com/careers,Tier 2,"Data, Analytics & AI Consulting",dbt & modern data stack consulting,"W2 (FTE), some C2C via partners",Varies – many sponsor; verify
Blueprint Technologies,https://bpcs.com/careers,Tier 2,"Data, Analytics & AI Consulting","Databricks, Azure data platforms","W2 (FTE), some C2C via partners",Varies – many sponsor; verify
Onix,https://www.onixnet.com/careers/,Tier 2,"Data, Analytics & AI Consulting",Google Cloud & data,"W2 (FTE), some C2C via partners",Varies – many sponsor; verify
DAS42,https://www.das42.com/careers,Tier 2,"Data, Analytics & AI Consulting","Snowflake, Looker, data strategy","W2 (FTE), some C2C via partners",Varies – many sponsor; verify
Rittman Analytics,https://rittmananalytics.com/careers,Tier 2,"Data, Analytics & AI Consulting","dbt, Looker, modern data stack","W2 (FTE), some C2C via partners",Varies – many sponsor; verify
Sify Technologies,https://www.sifytechnologies.com/careers/,Tier 2,Global SI / IT Consulting,"Large-scale outsourcing, digital transformation, app/infra managed services","W2 (FTE), subcontract via vendors",Yes – major H1B sponsor
Ciber Global (HTC),https://www.htcinc.com/careers/,Tier 2,Global SI / IT Consulting,"Large-scale outsourcing, digital transformation, app/infra managed services","W2 (FTE), subcontract via vendors",Yes – major H1B sponsor
